reseña_id,libro_id,cliente_id,calificacion,comentario,fecha_reseña
401,978-84-18196-00-3,229,3,"Capítulo 1-11  CORRAZÓN A LA REINA DEL LOBO  A la mañana siguiente, mientras los niños trabajaban en el patio del colegio y pasaban por allí para comer, la señora Luna anunció que iba a ver al señor Rigger; pero le alegró mucho saber lo tarde que era. El día antes había estado durmiendo con su padre, con sus dos hermanos mayores, hasta que llegaron las vacaciones. Cuando se levantó y les pidió una taza de café, todos los chicos estuvieron encantados y comieron juntos después del desayuno. La señora Luna llamó a Richard y le dijo que eran sus padres y salieron corriendo como alma que lleva el diablo. No hablaron durante todo el rato, hasta que dejaron de hablar cuando ella preguntó cómo estaban ellos. ""Los Reyes Mágicos siempre nos han dado un montón de cosas buenas"". El niño no respondió enseguida porque sabía muy poco sobre el tema y quería tener alguna excusa plausible para justificar el cambio de planes que tenían respecto a esa casa. Él fue inmediatamente invitado a cenar aquella noche y fue también a dar un paseo y a pasear por el parque. Su madre invitó al señor Rigger, que le sugirió tomar algo más fresco a la sala común; le preguntó si estaba ya preparado y él replicó que sí.",2024-11-11
402,978-84-18196-00-3,258,3,"Pido disculpas por no haber logrado mi sueño en la biblioteca, pero lo cierto es que cuando me senté a leer y a leer con tanta facilidad como había llegado a hacerlo, me puse a pensar en otra cosa más importante. Por ejemplo, ¿qué tal si escribía libros para el público? Bueno, pues los leía yo misma, o mejor dicho, sólo lo hacía conmigo mismo (y eso se debía sin duda al hecho de ser muy joven todavía). No era capaz de entender sus sentimientos. Si hubiera querido hacer algo así —aunque solo fuera porque aún le faltaba un poco—, habría pensado: ""Hay algo terriblemente malo"". Pero ahora creo que lo peor sigue siendo ese… ¡ah!, horrible recuerdo. La imagen del pobre viejo y triste caballero al lado de una estatua enorme, y su rostro, tan hermoso. Al menos debería estar agradecido por haberme despertado, haberle preguntado a alguien dónde estaba; aunque probablemente se trata simplemente de algo más profundo, mucho más fuerte incluso, y no tanto, sino mucho más poderoso, de una persona cuyo destino puede llegar a conocer.   En este caso, hay cosas totalmente diferentes. Lo que es más aterrador es ver cómo te miran esos ojos azules y profundos. Quizá haya olvidado quién eres.",2024-10-31
403,978-84-18196-00-3,390,5,"Gracias, gracias, por esta edición.   El volumen de la historia del Imperio romano se encuentra en el archivo privado de un conocido escritor alemán llamado Friedrich Nietzsche. El joven príncipe Friedrich Nietzsche fue un gran aficionado a los clásicos y escribió una obra titulada Der Unter den Linden zu die Welt (Auge de Dios). A raíz de esto escribe ""Un viaje al pasado"" para intentar ser reconocido como uno de sus primeros libros publicados[183]. La segunda parte del tratado es muy diferente: ""Die kant er ein Beherzung [Sobre el conocimiento o la vida] und der Aussteitliche Welt"",[184]"". Así pues, todo lo que decía Goethe era simplemente un cumplido: ""¡Qué bien me ha gustado estar contigo! "". Y después de leer estas últimas líneas, Schopenhauer comenzó a escribir un texto titulado Die Kriegschen Literatur in der Vermeiernteieren Jahrhundert von Gramscher Verlag. Este último escribió ""Que tu corazón te llene las manos con mis rosas"". Pero ¿cómo iba a hacer eso? No hay ninguna razón especial que explique cómo llegó a publicar esta última novela.",2024-08-10
404,978-13--4235116-6,208,5,"Tierras del cerebro humano  Conviene poder leer un libro sobre las relaciones humanas y animales, a partir de la experiencia humana-religiosa o el concepto de relación sexual entre humanos y animal. Una vez que se desarrolla en su totalidad, uno puede ver cómo una persona pasa por delante del ordenador y observa la imagen para comprobar si hay alguna conexión entre lo masculino y lo femenino con lo femenino; sin embargo, un libro de autoayuda es una obra totalmente nueva cuando comienza a escribir este capítulo de manera creativa.   La razón por la cual los autores no escriben ""normales"" (que son tan diferentes como suelen ser), ha sido la forma en que se escriben sus obras.   Hay muchas personas que dicen que eso significa estar juntos durante mucho tiempo y otras que opinan lo contrario (de hecho, nunca tienen bastante éxito) porque saben qué hacer o decir cosas así. Pero, ¿qué sucede?, ocurre algo más importante. Lo que quiero saber es cómo funciona la vida biológica. En cualquier caso, en la práctica, ya sean biológicos o biológicos o físicamente, la sociedad nos considera un fenómeno biológico completamente distinto al de la biología evolutiva y todo ello implica un cambio cultural muy fuerte en nuestro trabajo.",2023-11-10
405,978-84-10341-31-9,207,5,"Los profesores que hemos tenido ocasión de ver en la obra, nos han ayudado a desarrollar un concepto del mundo y, con él, ha logrado crear el libro más bello que haya conocido jamás. También he visto obras importantes como las Vidas paralelas (La familia perfecta), Los hermanos Karamazovsky o El matrimonio feliz (El beso de Dios) o Las aventuras de Gulliver. Me gustaría poder añadir algunos pasajes a este libro porque me interesa especialmente esta idea y es lo que más quiero hacer después. He intentado hacerlo, pero sólo puedo imaginarlas: mi vida. Quiero escribir una novela. Necesito dibujarla. Si no puede ser así, debería haber pensado algo nuevo, pero sin resultado satisfactorio. Y además tengo otras cosas para pintar en lugar de hacer otra cosa aparte de mirar su reflejo: un retrato enmarcado en madera oscura. No creo que esté mal y necesito hablar sobre ella; me apetece mucho leer y tomar notas, aunque sea tan poco como si fuera parte de la conversación de alguien. Estoy bastante nerviosa por lo que voy a escribir ahora mismo, por cómo será. Tengo algunas ideas interesantes acerca de sus dibujos y me siento inquieta cuando hablo sobre ellos. Sé perfectamente que no se trata sólo de los míos sino también de los de otros compañeros de viaje.",2024-11-24
406,978-84-10341-31-9,380,4,"A mis lectores, por supuesto, les gusta más la idea que a los libros anteriores, y me doy cuenta al instante que en ningún momento ha habido ni una sola palabra entre las traducciones inglesas. De modo que cuando leí el texto completo, el lector del texto original se limitó a leerlo con atención. Si bien mi respuesta no es muy alentadora o poco convincente, en ocasiones lo he usado muchas veces sin parar. El hecho de que hayan sido traducidos únicamente cuatro idiomas es uno de esos privilegios para un escritor inglés moderno; si así fuera, siempre sería mejor ""participa"" que ""saltar"". Sin embargo, en algunos aspectos resulta útil hacer notar su importancia para escribir obras individuales.   De todas formas, yo no puedo dejar de lado las críticas entusiastas sobre el tema. En cierto sentido soy un entusiasta acérrimo defensor de que esta obra continúe siendo tan valiosa como cualquier otra antes mencionada. La crítica literaria francesa debería haber sabido adaptarse bien a las ideas clásicas de Henry James que surgieron en Inglaterra hace veinte años. Esto explica un tanto su tendencia al uso de la metáfora de la lengua inglesa; es evidente, pero tampoco debe sorprendernos la actitud posterior de muchos críticos literarios ingleses hacia quienes consideran sus autores clásicos[1].",2024-12-07
407,978-84-10341-31-9,351,3,"BUROLES DE LA CURGÜEDA 4, NOVIEMBRE DE 1978  1 — Los planetas en el espacio interplanetario son nuestros cuerpos y nuestra vida es la suya. Por eso nos llaman los tres seres humanos ""de carne"". A pesar del tiempo que hemos pasado separados desde entonces para no tener ningún tipo de conexión con nosotros mismos a través del mundo exterior o la galaxia, sabemos cómo llegar hasta aquí. Y cuando estamos juntos a ciegas, podemos vivir juntos sin una barrera física ni emocional alguna.   2 — El sistema solar no se puede dividir porque todas las dimensiones físicas están conectadas entre sí por un gran número de partes interiores, cada parte interior de ella, cada uno de ellas interconectada alrededor de su propio cuerpo. La energía es débil e indestructible; por lo tanto se separa completamente del cuerpo físico porque sus cuatro mitades exteriores poseen formas paralelas.   3 — Es cierto que nunca se ha intentado crear nada con anterioridad, pero cuando sucede eso, normalmente hay algo dentro de ti (en este caso, tu mente) o algún tipo de entidad material que te conecta hacia afuera. Todo depende de si esta relación existe como un simple contacto mental[6].",2024-04-23
408,978-84-8327-648-8,379,5,"El autor ha sido muy popular, ya que se trata del famoso programa ""Cerveza"" (1811), dirigido por un tal Diego García García Márquez (1772-1860) y el llamado programa ""El desarrollo"", con ilustraciones del folleto en blanco y negro de Pedro Arriaga y un título de la serie La República de los mundos (1868-1898).   Es una obra espléndida porque demuestra una brillantez y un gran éxito comercial. Entre las obras publicadas a lo largo de este último año destacan: Los libros de la selva africana, Cuentos para mujeres de la Costa Azul (1867-1906), El hombre en la guerra civil española (1874) e histórica Enciclopedia Espasa Calpe (1889); Ensayos para niños (1881-1926; Una vida en tierra y México (1908). También escribió también La ciudad prohibida y América Latina (1892), El mundo rebelde (1907) o Las revoluciones y las guerras civiles (1914), relacionados entre sí con la figura del doctor Carlos Daza. Aunque no llegó a publicar su primer tomo, fue considerada, hasta 1898, como uno de sus principales méritos literario. A pesar de ello continuó escribiendo desde entonces, aunque al cabo de dos años dejó de ser un escritor importante.",2024-06-02
409,978-84-7672-423-1,396,5,"El último capítulo se centra en las teorías que he citado sobre los sistemas automáticos del cerebro humano y me parece fascinante, pero no puedo dejar de pensar en mi propio cuerpo. Y cuando pienso en sus recuerdos —el sol, la luz— siento un gran vacío dentro de mí como si estuviera siendo engullida por una roca helada. El sueño es el resultado final. Es difícil mantener esa sensación sin la sensación de estar atrapada en algo; tengo el mundo cerrado bajo mis pies. El agua fría de la mañana está más fría que nunca, porque estoy tumbada boca abajo con las manos entrelazadas a lo largo del cuello. ""No me iré hasta el amanecer"", pensé. ""¡Pero sí me voy hasta casa! "". No hay ningún motivo para seguir hablando sobre la experiencia. Pero ¿dónde habré dejado eso? Al cabo de unas horas tengo noticias mías. Sufro mucho al leerlas (de nuevo), como si fueran lágrimas. Oigo voces y oigo pasos moviéndose detrás de ella. Veo caras conocidas: la policía. También están algunas personas mayores sentadas en un banco junto a un hombre que lleva pantalones cortos; algunos hombres han salido corriendo desde su coche. El resto camina muy despacio. Miro hacia fuera y veo pasar a alguien, un chico.",2024-07-13
410,978-84-226-9166-2,292,4,"Agradecimientos  El presente libro, El Sol y el sol son las mejores obras que he escrito en mi vida. Me encanta la historia del amor entre humanos y no sólo los libros, sino también todas ellas escritas con imaginación para mi propia ficción. Por ejemplo, mi novela Los hombres sin corazón (2013) es una selección dedicada a este género por un puñado de lectores, incluidos mis compañeros. Y esto lo firmo todos juntos porque me ha gustado mucho y también porque quiero daros a vuestros hijos la oportunidad de ser felices. Gracias, Lucas Thomass. A su tiempo.",2024-11-10
411,978-13-89325-28-1,318,5,"Escritura del autor que nos muestra a los lectores cómo puede ser que un escritor se dedique a buscar ""sin compromiso"" sin comprometerse con nada, ni siquiera por razones personales o privadas (más específicamente para hacer el bien al prójimo). Si hay alguien que está interesado en la libertad y la igualdad es una persona libre, entonces éste es uno de sus objetivos más importantes e influyentes: ¿qué clase de interés va asociado a las necesidades humanas? Esto plantea muchos interrogantes sobre qué responderán nuestros críticos si no podemos seguir leyendo lo que leemos; pero nosotros debemos decidirnos en cada caso: el conocimiento personal será útil cuando las circunstancias sean difíciles. En nuestro trabajo todos nos sentimos incómodos porque tenemos confianza en sí mismos, ya sea emocional u moral. Es importante entender esto: ¿quién mejor conoce las ventajas prácticas del hecho y no quiere cambiarlas? Por ejemplo, si algunos escritores son incapaces de aceptar que existe una tendencia natural hacia la comunicación instantánea, deben hacerlo también con respecto al tema común: si es posible expresar libremente nuestras ideas acerca de los temas individuales, pueden tener una influencia mucho mayor sobre ellos. Esta actitud tiene muy poco sentido porque requiere información profunda para obtenerla.",2024-07-27
412,978-13-89325-28-1,221,5,"En su libro ""El arte en el mundo contemporáneo"", Skimpole describe cómo se hace una imagen del mundo cultural contemporáneo y lo que es la verdad, no sólo porque es imposible llegar a ese estado de las cosas sino también porque, como muchos filósofos contemporáneos (y con algunos teólogos) subrayan esa realidad sin ningún sentido; no porque sea mala o injusta, como si fuera mentira que nos imaginemos que somos o podemos serlo para nosotros mismos. Por eso, por ejemplo, cuando un escritor está mirando una obra a través de uno mismo no puede ver otra cosa distinta a la realidad ni más allá del espacio, sino únicamente porque todo cuanto ha visto ha sido creado al margen de nuestras posibilidades, y no existe la experiencia creativa previa. La mayoría de esas personas piensan que tal vez deberíamos vivir en nuestra propia versión, pero la ficción siempre aparece ante nuestros ojos como algo nuevo e diferente. Y la mayoría creen que esta historia tiene razón antes de ser comprendida, pues hay alguien más interesado en nuestra versión que en nuestro propio yo real, quien considera este momento histórico como la culminación de la vida de otro novelista de nuestra época, Henry James Lewis, o bien como ""el comienzo de lo excepcional"" (un relato sobre cómo se escribe).",2024-08-14
413,978-13-89325-28-1,359,5,"La primera edición ha sido publicada por JERMENNINGS, LANZON y RILLIAM DUDAWORTH (eds) [ed] ""Tiempos del siglo XX"" [Los últimos años de la vida de las personas en el mundo clásico], pero hay que mencionar una obra literaria titulada La última guerra civil española. El tema se publicó originalmente entre 1917 y 1935. Se trata de un texto con varias ediciones impresas, aunque sólo sea para dar pie a los primeros comentarios que han llegado hasta nosotros desde entonces.   El título original contiene un apéndice al final de cada volumen; por tanto, no está escrito con letra gótica sino que tiene grabados algunos aspectos de su texto que aún no hemos examinado antes[2]. Sin embargo, este fragmento puede ser reproducido con mucha más precisión si consideramos la publicación de un texto como el relato completo del conflicto bélico de España contra los liberales de finales del XIX (Clicar). Si vamos a comparar estas páginas con otras anteriores, debemos señalar que algunas de ellas son tomadas por JERMENNINGS.",2024-12-31
414,978-84-9117-182-9,218,4,"A menudo me he preguntado por qué no lo hizo en una presentación literaria, pero ahora se ha convertido en un tema bastante popular entre los lectores del género literario.   En mi casa, después que dejé el trabajo en la editorial para irme a trabajar, he encontrado esta obra maestra y divertida que tanto gusta al lector; sin embargo, tengo un pensamiento más personal sobre ella, así como varias series de artículos dedicados a cada personaje: La historia de las mujeres (2002), El secreto de la familia (2005) y El sueño de un vampiro (2006).",2024-04-16
415,978-84-9117-182-9,221,2,"Prueba y Pulpo en la Universidad César Vallejo, Buenos Aires, 1975; y el otro gran número del Diccionario Espasa Calpe para las Relaciones Internacionales hispanoamericanas (2 vols., México, 1966), que es una novela especialmente comentada. El texto se refiere a los años setenta como ""demasiado breve"", pero en su interior tiene cabida la idea de un periodo largo antes de llegar al año 82 o 103. La obra fue publicada entre 1965 y 1967 por Juan Marsilla y Enrique Fuentes Quintana, Manuel Gómez y Pedro Luis García Montero, además de otras obras posteriores, Entre paréntesis. En ella aparece también como autor literario más reciente (Editorial Planeta, Barcelona, 1997) y junto con otra colección de ensayos, Historia cultural (Barcelona, 1970). Es autor de numerosos libros publicados desde 1962 hasta 1963, respectivamente —hay algunos títulos— Las dos épocas de la España contemporánea (Madrid, 1968), Los orígenes de los pueblos en América Latina (París, 1979), Río revuelto (México, 1972), México DF (España y Francia, 1974); pero también incluye otros textos recogidos entre 1964 y 1966 en La Ilustración española (Madrid, 1975).",2024-03-04
416,978-84-9117-182-9,272,4,"""En el verano del año 14, un viajero alemán entró en la ciudad portando una gran caja negra que llevaba consigo con unas hojas escritas a mano por un oficial nazi llamado Hans Frank, y las dejó sobre una mesa situada junto al mapa. En aquel momento, uno de los soldados se puso muy nervioso cuando vio esto. Se acercó inmediatamente y comenzó a gritar pidiendo auxilio; pero no consiguió más que proferir frases incoherentes e insulsas contra su contenido. El hombre gritó desesperado mientras intentaba cogerla entre sus brazos, y entonces oyó algo terrible, como si fuese una voz humana. Cuando volvió la cabeza para mirar hacia arriba vio a unos cinco o seis individuos tendidos en tierra. Uno de ellos era un viejo soldado alemán que había perdido casi toda su vida. A continuación cogió otra vez fuertemente entre sus manos dos trozos de papelitos pequeños con aspecto de dientes rotos. Le echó encima todo lo demás. Entonces se produjo otro incidente horrible. Un soldado prusiano que le quitó la tapa de los sesos trató de levantarse sin éxito y cayó desvanecido sin haber recibido ayuda alguna durante aquellos terribles segundos de agonía. De repente, dos hombres salieron corriendo del campamento para tratar de escapar. Los alemanes habían tomado posiciones detrás de él y huían despavoridos hacia los bosques cercanos.",2024-05-15
417,978-84-331-5098-1,295,5,"[11] Citamos los términos ""experimento"" en el original (Crítica). La palabra que designa la evolución humana es, evidentemente, no ""diferente"", sino ""reunión"". [12]  Escribe, por ejemplo, cómo las fuerzas naturales se convierten en una fuerza física extraordinaria o qué otra cosa. El artículo concluye con un párrafo breve sobre un tema religioso relacionado con la vida y lo divino, pero a quien le interesa leer la Biblia como si fuera un libro de cuentos de hadas:   Sócrates me dijo que sólo era un hombre, porque Dios había otorgado cada uno su poder al mundo mediante leyes divinas; porque él creó todo el reino del universo creado para sí mismo, así como sus propios poderes físicos; porque así fue así.   El título alude a esta forma de tratamiento: ""Cuando las almas son débiles, cuando se encuentran con otras personas… ¿quiénes somos? "". A partir del latín vulgaris ""insecto"", verbo dado a aquellos cuyas acciones humanas han sido creadas desde el principio por medio de palabras divinas, ""despreocuparse"" por unos dioses que les hicieron perder toda dignidad e integridad a través de todas las generaciones.",2024-06-13
418,978-13--3763116-7,375,4,"[21] El año pasado en la Academia del Mundo se convirtió en el mayor bestseller de Estados Unidos y publicó un libro que incluye una breve parte de sus obras, La guerra fría y el viento: Una historia humana (2008), Los dos mundos (2009) y El hombre bajo tierra (2010).",2024-03-30
419,978-13--3763116-7,337,5,"Notas  [1] El libro de Borges está dedicado a una historia sobre el amor (el mundo del escritor), obra que fue publicada en 1971, y que se publicó entre 1970 y 2015.",2024-10-18
420,978-13--3763116-7,270,5,"""Los hombres siempre han sabido que, cuando se reúnen para hacer algo interesante o entretenido por el estilo de la vida, suelen dar muestras de tener un don para leer en voz alta; no es fácil encontrar a alguien sin una buena razón"". ""Si te pones a pensar cómo voy a hacerlo? "", les dijo ella. ""¿Es necesario escribir al estilo de esta novela? "". ""Claro, pero ¿para qué? Es demasiado complicado si lo has hecho tú sola y puedes quedarte con los demás escritores y las personas importantes"". La última frase era tan sorprendente como la anterior. Al final apareció en portada un comentario bastante curioso, probablemente inspirado sobre el texto del autor. Él le preguntó cómo iba a hacerlo y ella contestó afirmativamente: ""¡Oh! Sí, ya sé que no eres capaz de leerlo aunque sí creo que podrías escribirlo todo"". El pensamiento de ella fue muy extraño, porque parecía casi imposible leerle más allá del título original. Para la mayoría de ellos, lo único que hacían era estar en casa mientras leía sus libros, aunque su intención fuera quedarse hasta acabarlos leyendo; pero para el resto de la gente de fuera, ella tenía trabajo en el extranjero y no quería ir de visita con frecuencia.",2024-12-23
421,978-84-624-7317-4,259,5,"Es un trabajo para niños en el que no creo haber oído hablar nunca más, pero he sido capaz de darle los detalles a mi vida personal cuando era pequeño y me gusta trabajar con la gente que se ha criado entre nosotros; si no se le ocurre nada mejor, yo lo leeré durante tres años.   ""Por cierto, ¿cómo te va? Por una parte quiero disfrutar del programa porque necesito ir a visitarlos a todos, pero también quería hacerlo para poder ver cómo estaba"".   Saludos: Apuesto a que tengo algo que hacer por ti —dijo—. Y ahora mismo quiero llevarte a casa en coche para que pueda volver a verte en tu futuro. No es fácil encontrar tu sitio, aunque ya hemos encontrado bastantes cosas sobre este tema. Por otro lado, hay un lugar donde podría vivir feliz sin nadie ni nadie a quien querer echarte atrás. En fin, será mejor que te vayas antes de irte solo a algún sitio tranquilo. Ya has visto mis películas favoritas, así podrás cambiar algunos momentos de ocio (mi novela favorita). Ahora tienes que estar sola. Cuando hayas terminado, te llevaré contigo. Estoy segura de que te gustará.   Afortunadamente, sus palabras tenían su origen en el hecho de que había pasado varios meses en Estados Unidos.",2024-11-19
422,978-13--7468723-3,269,5,"En la época en que yo escribía ""Las relaciones"". En este libro, no había ni una sola palabra para definir las relaciones entre dos personas en un mismo espacio libre y complejo. Se trataba simplemente del texto básico (el libro) escrito a mano por un escritor conocido como ""El mago"", o algo así. El título original era el siguiente: Cuando una mujer escribe su historia es cuando ella se enamora de alguien pero él le pide perdón porque ha sido demasiado tarde. Esto quiere decir que los personajes son felices. Si uno tiene tanto poder sobre sí misma que todo lo demás —lo cual significa que la única persona con derecho al amor— es un hombre afortunado, entonces eso cambia el mundo de la ficción. La novela romántica que escribió estaba escrita sólo para mí, así que me quedé mirando el cielo mientras pensaba si la autora podía haber vivido en otro lugar. Había una diferencia enorme entre mi forma narrativa y mi manera dramática, pero esta vez la diferencia mayor era la más alta: la historia es triste y superficial. Por supuesto, no tenía ningún sentido escribir mi propia autobiografía. Lo único que necesitaba hacer era ser feliz hasta estar seguro de ello. Pero tampoco quería hacerlo mucho tiempo después. Tenía que escribir toda esa mierda antes de empezar a trabajar.",2024-12-10
423,978-13--7468723-3,384,5,"Lunes 18 de abril, 30 horas después del asesinato en la plaza de San Marcos, la editorial CEDA se detuvo frente a una puerta cerrada con llave y abrió despacio. Era un pequeño edificio que albergaba varias galerías dedicadas al arte contemporáneo; tenía el mismo aspecto que las salas anteriores cuando era adolescente y estaba muy bien decorado. La portada estaba decorada con tres libros de texto y varios títulos por temas académicos para enmarcar su portada (contrato e historia). El segundo volumen, titulado ""Trenes de la literatura"" (""La vida""). Al fondo había una preciosa fotografía enmarcada realizada en formato digital (números), tomada desde hacía meses. En ella, uno de los cuatro personajes principales aparecía acompañado de dos jóvenes hombres en traje negro que saludaban efusivamente a través del cristal con forma de cebolla o de jamón cocido. Los dos eran altos, ambos vestían trajes de ejecutivos muy estrechos —aunque no todos estaban tan elegantes como el resto—, llevaban gafas negras de montura cuadrada, camisa blanca y corbata negra. Una chica llevaba pantalones cortos negros y camiseta sin mangas, y un par de chicos jugaban entre ellos. A continuación, el primero, de rostro serio y sonriente, iba vestido con ropa informal, y vestía una chaqueta oscura ajustada hasta la rodilla.",2024-12-01
424,978-84-9136-193-0,365,5,"Si la pregunta llega directamente a la respuesta, no se puede contestarla con palabras. Lo único que hay en el pensamiento humano es una visión fragmentada del universo. ¿Cómo podremos comprender este mundo? Los alienígenas están atrapados en nuestro propio espacio y nos han abandonado para siempre. Estamos tratando de hacer esto por nosotros mismos; estamos tratando de descubrir qué significa la vida y cómo podemos ver las cosas. Si realmente queremos escapar de nuestra propia confusión humana, entonces debemos estar preparados para comprender algo nuevo. Esta gente está atrapada dentro de nuestras propias proyecciones. No tenemos esperanza alguna acerca de lo que está ocurriendo ahí afuera o donde sea más difícil encontrarla. Por consiguiente, si no hemos estado explorando este mundo desde hace tanto tiempo como nos queda un poco de tiempo, ¿qué sabemos realmente sobre todo eso? ¿Por qué deberíamos estar tan alerta cuando los alienígenas están interesados en destruirnos en lugar de vivir en esta habitación, haciendo pedazos mi casa entera mientras yo vivo aquí, y luego me despierto porque estoy intentando encontrar mis propios sueños? ¿Qué ocurre entre ellos? Si ustedes están ocupados con este planeta… ¡entonces venid! ¡Vayamos al otro lado del pasillo!   De pronto suena una voz familiar en su mente.",2024-12-10
425,978-84-9136-193-0,264,4,"(—Seleccionador/a-elicino)  1ª edición (Moraine): La crítica y el texto original fueron publicados por la editorial en abril de 1985, respectivamente.",2024-12-25
426,978-13--2475107-6,310,4,"Dado que el autor es de la misma opinión, se lo recomiendo a un amigo mío. Si te parece interesante tu presentación, no tendrás inconveniente en presentarte ante mí, ¿verdad? A los ojos del lector, me gustaría recibirte como candidato y presentar tus sugerencias con una formalidad tal vez superior. Por ejemplo, si tienes alguna idea sobre las alternativas económicas para tu publicación o cualquier otra cosa, puedes ver la situación actual entre editores, editoras, editores, revistas. Pero si necesitas escribir libros nuevos para tu lectura y no quieres volver al trabajo, solo tienes que añadir algunas páginas antes de salir; así puedes hacer copias cada vez más extensas que puedas llegar a escribírtelo sin que te sorprendan ni impresionen mucho. Y así sucesivamente hasta el final, que va a ser una de mis primeras entregas, aunque esta última no le ha sido demasiado buena, ya que, por tanto, no tiene ningún mérito especial. No puedo dejar escaparme cuando veo que alguien propone algo diferente y me deja claro que su obra contiene todo tipo de elementos estéticos e ideológicos de relevancia social. En definitiva, estoy contento de estar aquí contigo, pero sé que eso no te afecta sino sólo porque eres tan joven.",2024-12-11
427,978-13--2475107-6,257,4,"La nave espacial no tiene que estar en el espacio, porque se encuentra bajo tierra y su superficie está llena de agujeros. De hecho, la energía solar, gracias a los esfuerzos del gobierno de la Unión Europea, se expande por todo el planeta; por esta razón están protegidos con el exterior. En cuanto al espacio y al clima, el ambiente sigue siendo un poco más frío que antes.   Este material puede ser utilizado para elaborar una especie de aerodinámica y de automatización para crear máquinas que sean capaces de transportar las cosas hasta un lugar seguro. Puede usarse como arma defensiva contra fuerzas hostiles (como el viento o el viento) para destruir planetas y sistemas solares. También podría utilizarse como armas ofensivas contra ataques enemigos sin éxito. El modelo propuesto muestra cómo usar la bomba nuclear para fabricar algo tan valioso como la electricidad es eficaz.   En un artículo publicado en The New Yorker Evening Post, el científico británico William Hyskey sugirió que este modelo había sido modificado por primera vez durante la República Checa cuando fue descubierto por una famosa revista científica estadounidense[5]. Por lo tanto, aunque existen algunas diferencias entre ambos modelos, muchos científicos han afirmado que se ha demostrado que si estos dos elementos eran destruidos serían mucho menos resistentes.",2023-10-02
428,978-13--2475107-6,394,2,"En ese momento estaba escribiendo un artículo sobre la situación actual, que yo había escrito en mi época.   En cuanto a lo de ser escritor y trabajar para una compañía editorial o una empresa, él tampoco era tan popular como yo tenía derecho a publicar, pero también tenía sus propias ideas y artículos personales. También contaba con su propia revista literaria más reciente que, al menos por el momento, le permitía disfrutar del panorama literario. Como es lógico, era muy popular entre los lectores de Star Wars, además de con editores de todos los géneros que se publicaban regularmente bajo seudónimo, así como con autores como Eldest Scroope. De hecho, fue durante esos mismos años cuando nos enteramos de algo similar y de inmediato descubrí las diferencias entre mis dos primeras obras. Era evidente que si iba a publicarme libros de divulgación literaria, por mucho que me gustase, la cosa terminaría saliendo mal. Al final fui capaz de escribir otro libro; y luego otra vez me pareció leer a alguien que escribía en serio la primera novela de Star Wars[2]. Por último, ya fuera porque había decidido renunciar a toda esperanza de encontrar trabajo y empleo donde invertir activamente mi tiempo (es decir, sin abandonar todo proyecto), o simplemente porque quería vivir y tener algún tipo de vida.",2023-12-02
429,978-84-8412-411-5,241,4,"—¿Te acuerdas de cómo me llamo? —preguntó Jiko—. ¿Qué pasa con él? No sé qué le ha pasado a su mujer, pero dice que no se acuerda ya del sexo con la gente. Me imagino el pelo negro y largo que llevaba. Cuando tenía dos años…  —Sí —dijo el joven—, cuando era una adolescente fui al colegio después de clase y lo vi todo. Le dije a mi madre que estaba embarazada por culpa de esa maldita gripe, así que tuve un mal presentimiento porque se quedó en casa, porque la abuela estaba histérica porque ella estaba loca por mí. Y entonces salí corriendo hacia los estudios para buscar trabajo; había tres meses hasta que ocurrió aquello.   Jiko suspiró profundamente antes de decir nada más sobre el tema.   —¡Oh! Sí, claro…, sí, eso también fue terrible, pero ahora estoy muy sola, no tengo ni idea de si es por eso por lo que he perdido tanto tiempo como pasé estos últimos meses intentando olvidarme de algo o simplemente me arrepiento… Pero yo nunca quise volver a saber nada del bebé ni de ninguna otra cosa, solo quería dejar este mundo atrás y cambiar mis recuerdos. Siempre pensé que las cosas podrían ser malas.",2024-11-30
430,978-84-8412-411-5,299,4,"Pero me temo que se trate del mismo tipo, ¿verdad?   —Me parece un poco complicado —dijo el abuelo—. Siempre lo es. De todas maneras, no es tan fácil hacer una cosa así a la gente que está acostumbrada al cambio y que no quiere que nadie sepa por qué ha empezado realmente esto. Se trata simplemente de averiguar quién eres o qué quieres hacer si estás dispuesta a hacerlo. El problema consiste en saber exactamente dónde vives porque sabes cuándo has crecido, cómo te encuentras, cómo te sientes, cómo te gusta tu trabajo cuando tienes ganas de trabajar, cómo te gusta estar sola en casa sin ser correspondida con quien te da dinero para comprarlo todo (por ejemplo: ""Qué bien"", ""¿Cómo has venido? "", etc). Y también hay muchas otras cosas más importantes y extrañas que son difíciles de encontrar y están muy mal escritas. Lo interesante que puede resultar tener esto aquí de verdad es cómo puedes seguir trabajando.",2024-07-27
431,978-84-8412-411-5,336,1,"Lo hemos leído en el New Yorker, pero nos ha quedado bien con todas las cosas buenas que hemos aprendido aquí...   Mónica se quedó pensando un instante y después dijo:   —Es una buena idea para la nueva situación financiera. ¿Sabes dónde está? No tengo ni idea de lo que va a ocurrir. Pero me da mucha vergüenza pensar eso ahora mismo cuando no hay otra solución... ¡Y mira qué alegría! —sonrió—. Vamos a ver si tenemos alguna alternativa... Bueno, ya verás como todo marcha genial.   CAPÍTULO 12  EL DÍA BERTADORO  El día del robo  En cuanto llegaron al departamento de limpieza, Mónica fue corriendo hasta su apartamento. Cogió su teléfono móvil e intentó localizar a Robert Swarz, pero solo encontró el contestador automático. Entonces marcó un número y llamó al director general.   —¿Qué pasa, amigo mío?... ¿Hay algún problema o algo así?... ¿Ha sucedido algo grave?... Sí señor, claro, le diré que esto ocurre, por favor.   —¡Ya voy!...",2024-03-15
432,978-84-640-0524-3,385,4,"En este caso, la pregunta ""¿Qué? "" es lo que plantea el mundo en su conjunto y exige un enfoque sobre los hechos que se producen a partir del momento presente (véase capítulo 11). Un ejemplo muy curioso con respecto al futuro o a la historia está más claro para entender qué entendemos por azar y adónde vamos. La respuesta suele ser tan sencilla como inesperada. ¿Puede una explicación racional que no pueda funcionar sino solo porque el fin justifica nuestra vida diaria como si fuera una cuestión ajena a nosotros mismo y nos impide ver el pasado desde otro lado? Es evidente que el destino puede depararnos también oportunidades alternativas. En cambio, cuando consideramos las cosas tal como son, tenemos miedo de decir algo real y definitivo. Sin embargo, mientras esperamos a la siguiente frase que sea posible hacer frente a nuestras preguntas, siempre estamos dispuestos a plantear problemas difíciles y retos nuevos. Una vez que hemos tomado conciencia de sus errores, estamos preparados para responderlas por sí solos sin forzarnos a pensar ni razonar. Si queremos comprender un problema que ha dado lugar a situaciones extremas —o incluso a decisiones mucho menos complicadas—, entonces podemos preguntar qué queremos contestar; pero esa forma de hablar debe darse desde diferentes ángulos.",2024-03-22
433,978-84-640-0524-3,393,3,"El autor ha usado muchos años para ser reconocido como la mejor versión posible, aunque el editor no ha tomado jamás una decisión concreta sobre esta cuestión.   ""El sistema político del Estado se encuentra en los últimos años con varias formas políticas y económicas. Las dos grandes diferencias son muy evidentes (entre ellas las que más afectan al gobierno) por lo que no podemos determinar su papel fundamental en nuestra historia.   ""La primera forma política fue la puesta en marcha desde un primer momento. La segunda es la transformación en la dirección de nuestras instituciones. No existe ninguna razón por la cual deberíamos estar dispuestos a luchar contra esos intereses y ganarnos la confianza pública en nuestros propios intereses. Es el resultado directo y natural de todo proceso revolucionario o revolucionario"".   A pesar de todas esas cosas, el argumento principal de ese discurso resulta convincente; en él se basan muchas otras razones que podrían tener implicaciones críticas (sobre todo cuando son válidas).",2023-10-01
434,978-84-640-0524-3,229,4,"En él, el autor es un hombre que tiene una gran responsabilidad en la vida personal y se preocupa por las posibilidades del buen uso de los medios para educar a sus hijos; sin embargo, hay una obra excelente sobre la historia, La educación sentimental o El matrimonio como base histórica. Pero también puede ocurrirle con su hermano mayor (que fue muy joven) Richard, a quien tuvo tres niños pequeños. A su vez, Richard es la encarnación misma de la psicología moderna, el modelo de la existencia humana y la realidad cotidiana. Los padres son incapaces de dar una imagen clara de sí mismos y no pueden concebirla como un ser humano independiente ni tener hijos, así lo demuestra el hecho de que sólo una parte pequeña de ellos tienen alguna clase de relación con los hombres individuales. En Inglaterra, ese ""experimento"" era tan fuerte que resultaba difícil imaginar un hijo suyo de unos doce años al menos si le gustaban otros cinco. No obstante, Richard ha sido siempre uno de los primeros héroes de El matrimonio como núcleo histórico-económica social: ha creado una nueva cultura narrativa, aunque aún hoy siga siendo muy popular entre los escritores jóvenes, donde los personajes están más allá de su alcance material e individual.",2024-11-28
435,978-13--2045053-9,385,1,"Me gustaría que, para poder hacer justicia a las circunstancias y que el autor sea un gran hombre, te gustara que escribiese un buen cuento sobre la mala vida en esta época.   En este caso me interesaría que lo leyera alguna vez pero no le apetecía hacerlo porque pensaba que sería mejor leer un buen texto con más facilidad. El hecho de que hubiese leído uno que era bueno o malo seguramente no cambiaría nada, puesto que se trataba del primer capítulo publicado por primera vez en España (y quizá no sólo eso). En su opinión, me interesaba bastante el primer volumen publicado en español por el editor, así como una antología especial dedicada al tema, entre otras cosas, a ese mismo título[3]. No había otro ejemplar disponible si se tenía por parcial su contenido oficial. Y además era mejor guardarlo dentro, ya que estaba obligado a permanecer encerrado leyendolo sin permiso cuando fuera necesario. Sin embargo, pese a mi escaso éxito profesional, era aún peor; me daba vergüenza escribir algo de ese tipo, aunque luego tuviera que dejar constancia escrita de la crítica literaria que yo llevaba escrito durante todos estos años.",2024-06-06
436,978-13--3421607-7,228,5,"La primera novela que escribió fue una adaptación del joven príncipe Arturo, quien durante el verano pasó a la historia como si fuese un niño pequeño y se sintió orgulloso por ella porque sabía lo mucho que le quería su hermano mayor y había sido siempre tan cariñoso con sus hermanos.   La segunda novela es más realista. Un chico y una chica pueden pasar horas en compañía de otros adultos para hacer feliz al otro lado del cristal roto del salón cuando llegan las vacaciones. Los niños son felices hasta que no tienen edad suficiente como para tomar unos bocadillos calientes. En realidad es difícil verles trabajar sin sentirse tristes ni avergonzados. Cuando encuentran tiempo vuelven a casa por la noche, pero eso nunca sucede. A veces salen corriendo al jardín para comer un pedazo de tarta. Se quedan solos, callados o paseando tranquilamente hacia su casa.   Las primeras tres novelas contienen grandes dosis de erotismo y humor; destacan precisamente las buenas obras escritas en un papel especial entre bastidores para entretenerlos e inducirles a seguir adelante como personajes que recuerdan cada detalle de su vida: la vida real.",2024-09-18
437,978-13--3421607-7,330,5,"""Un buen día, por ejemplo a las 8: 25 en punto de la mañana, se me ocurrió que debíamos partir hacia el norte sin tener noticias suyas sobre lo que sucedía o no era. Para entonces ya habíamos llegado a un cruce donde había unos cuantos coches aparcados y yo estaba esperando junto al coche. A su lado, una mujer joven con cara de pocos amigos salió del vehículo para saludarme y decirme algo acerca de mi hija, pero ésta me ignoró porque le dije algo muy diferente, aunque yo insistí bastante en ello. Entonces ella apareció ante mí; después de saludarme dijo: ""No sé qué pensar"". Yo le pregunté si conocía esa historia. ""¿Por dónde anda? "". Ella respondió que sí. Y mientras caminaban, observé cómo uno de los niños llevaba un maletín negro muy grande y un jersey blanco hasta la cintura. Yo pensé que debía irme corriendo allí antes de llegar a ninguna parte, así que me quedé un momento pensando durante algunos minutos observando como la chica parecía dirigirse hacia la parada del autobús que iba delante y luego seguía andando hacia mí… La mujer dio unos golpes a su maleta e hizo girar la llave en mi interior, dejando salir varios botones. Finalmente, nos sentamos frente a frente y empezamos a hablarles a nuestros hijos.",2024-12-08
438,978-13--3421607-7,339,2,"La segunda edición ha sido publicada en 1975, y también la cuarta se publicó entre 1978 y 1982, año del fallecimiento del editor Francisco Ibáñez del Pombo, editor responsable de prensa, que fue uno de los autores españoles más vendidos en su época literaria desde el franquismo (1973-1978). En ella aparece un fragmento de La obra humana, prólogo a una antología del filósofo Manuel García Márquez, texto no menos interesante pero también significativo; por ejemplo, El País (1975), una comedia corta de Eugenio Oneguin titulado Las tres estaciones[3]. Los fragmentos de esta novela son recogidos en diferentes versiones y están disponibles sólo durante los últimos años. Su presencia es palpable dentro del panorama español, donde aparecen varios títulos publicados originalmente para la portada principal.",2024-08-05
439,978-13--8685014-4,326,5,"""La vida es como una película"".   En el texto hay muchas frases que se usan para ilustrar un sueño o una idea, pero en general no son más que las palabras iniciales y los pensamientos de un amigo común, uno que conoce la verdad o por qué los sueños y la realidad han estado siempre presentes entre ellos. Así se explica que sea ""deber"", que esté dormido, y que no haya oído hablar nunca de lo que ha ocurrido a su alrededor (los demás sueños me asaltaron con frecuencia), sino algo mucho peor. Cuando te digo esto, eres muy divertido, porque ya has pasado suficiente tiempo juntos sin tener noticias tuyas sobre mí o tu familia. Es tan aburrido... Es muy triste cuando estás despierto leyendo algo tan viejo como este libro. No debería haberte preguntado cómo ocurrió todo. Pero no fue así, por supuesto; aunque todavía tengo que añadir algunas cosas más acerca del accidente y otras cosas más importantes; si no puedo ser sincera, eso habría acabado siendo imposible. Y lo cierto es que mi memoria está llena de experiencias felices.",2024-01-04
440,978-13--8685014-4,279,5,"3. El mejor libro de literatura sobre el arte es la novela, la biografía y las relaciones humanas. La obra en sí se caracteriza por una especie de pasión que hace mucho tiempo había desaparecido del mundo literario para convertirse en un verdadero entretenimiento para todos aquellos escritores que lo quisieran como escritor, pero cuyo interés por otros temas no está claro. La historia empieza con la lectura (o más bien un proceso a través de la trama) escrita en clave india. Cada uno tiene su propio relato, cada uno tiene sus propias descripciones, o al menos eso parece; hay muchos personajes diferentes entre ellos: personas reales cuya vida profesional ha tenido varias vidas paralelas, desde George Sand hasta William Thomas Manners, pasando por George Burroughs, pasando por Hemingway a Robert Louis Stevenson… Incluso entre la gente real hay dos tipos de historias distintas que tratan de aventuras sexuales, ¿pero qué clase de fantasía es esa? Lo mismo ocurre cuando aparecen en público novelas románticas (un estilo narrativo fantástico o histórico). Ocurre algo similar en ese caso porque las cosas están llenas de misterios e incluso nos sentimos transportados hacia un pasado diferente al nuestro. Las situaciones son tan insólitas —las mismas personas pueden ser personas realmente maravillosas— que casi nunca tenemos una imagen definida.",2023-10-15
441,978-84-88356-15-4,222,4,"No hace falta una persona que lo lea en el futuro para tener algo con respecto a sus obras; me parece como si no pudiera soportar las cosas como son, y sin embargo sea tan solo la forma en que se expresan.   LECCIÓN 7  Los libros sobre autoayuda (o ""conjunto"" o ""revisión"" para lectores) están disponibles por primera vez en tres volúmenes publicados por El Héroe del Invierno entre 1969 y 1970[5]. La parte final era bastante sencilla: a los autores no les gusta ni se molestan cuando leen artículos científicos publicados antes de leerlos. Se trata de un estudio que revela cómo las personas pueden ver otras partes del mundo —novelas— y comprenderlas mejor que nosotros mismos. Un editor debe haber hecho más preguntas acerca de cómo puede entender esto las personas, qué pasa luego de su propia vida, cuándo deben ser conscientes de lo que ocurre después de su muerte. Esta historia está relacionada principalmente con el aprendizaje de la mente humana, y nos enseña al lector que la mayoría de estos textos no han sido editados originalmente por personas que no conocen nada acerca de este tema [porque sólo viven en un universo paralelo).   Las primeras páginas contienen algunas referencias a la naturaleza histórica, pero también algunos poemas escritos durante generaciones.",2024-12-20
442,978-13--6804436-3,397,5,"La mayoría de los lectores se sorprendieron cuando la primera página, en un volumen sobre una novela titulada ""Las últimas palabras"", apareció el titular del libro: ""¿Los primeros versos? "".   Pero los autores no lo hicieron; ni siquiera ellos mismos pueden ver con claridad las notas finales escritas por HQÑ. Y si hay algo que nos hace pensar a ambos lados del texto es que esta obra fue escrita para ser publicada entre 2003 y 2008 por más de 20 millones de personas (entre ellas) en todo el mundo entero, aunque la mayoría de sus novelas fueron publicadas como bestsellers o publicadas bajo seudónimo: Las primeras páginas son buenas obras de teatro. Como ya he dicho antes, estas dos obras eran distintas de cualquier otra, pero en diferentes periodos históricos, distintos países e incluso países europeos estaban ausentes. En cambio, los temas tratados aquí aparecen en cada caso particular —y esto sucede casi siempre— como libros independientes y publicados por generaciones en todas partes donde la gente ha ido apareciendo sin ninguna dificultad. Por ejemplo, en una carta fechada hacía 15 años, HQÑ escribió al respecto: ""En su día escribí un artículo titulado El proceso contra las elecciones democráticas"".",2024-05-19
443,978-13--6804436-3,341,5,"Y también es un buen libro para el día a la mañana; si uno se pregunta por qué no te escribe, tiene que tener algún sentido dar una respuesta diferente y decir cosas distintas pero sin tener ningún valor para hacerlo por ti mismo o para cualquier otro individuo que tenga un aspecto positivo o negativo. ¿Qué piensas? Nada en absoluto excepto que tu trabajo sea satisfactorio e intenso para el prójimo, aunque tal vez este sea mejor para ti porque siempre tendrás tiempo de pensar sobre tus propios problemas como el problema social o el sufrimiento.   El problema del dolor está relacionado con la posibilidad de un conflicto entre dos personas: el que vive y el que piensa en otra cosa; y las consecuencias derivadas de ese conflicto están relacionadas con esa elección porque hay alguien que necesita ayuda; y lo importante es que el cerebro esté funcionando bien o mal cuando estás trabajando solo. Si uno sigue pensando demasiado en su vida cotidiana, ve que ha dejado de lado el hecho de que algo funciona mal. La persona que trabaja sólo desea ayudar al interlocutor, y eso significa que él quiere hacer todo esto. Cuando estamos hablando de nuestros problemas personales —por ejemplo la relación de pareja—, tenemos miedo de estar equivocados, porque nos parecemos a nuestros amigos o a nosotros mismos.",2024-09-23
444,978-13--6804436-3,309,2,"El título que le escribió a su madre cuando eran niños, se encontraba en el diccionario y era un manual en inglés para la universidad. Ella no podía soportar escuchar todo lo que decía mientras leía una hoja con notas sueltas que no tenía ni idea de dónde estaban las palabras. Se negaba siempre al final de una frase o dos frases o tres líneas escritas por alguien que quería escribirla, pero seguía sin comprender la razón. En aquellos momentos estaba decidida a tener éxito en los exámenes finales y quería ser escritora y seguir haciendo cosas por ella misma porque sus padres no querían que siguiera viviendo como si nada hubiera ocurrido nunca. Le escribió unos versos para intentar consolarla diciéndole que todo había acabado bien hasta llegar ahí. ""No es tan fácil"", escribía a su padre y ella empezó a llorar y él a buscar consuelo en otro lugar donde fuera mejor dejar que la vida volviera a ser diferente. Pero en esa ocasión él volvió al colegio con un poco de suerte. Cuando llegó, a pesar del dolor y por mucho tiempo, encontró trabajo en una tienda cercana a la residencia escolar en una pequeña ciudad cerca de Londres donde hacía frío y nadie iba a buscarla. La noche anterior habían visto pasar coches, autobuses y furgonetas negras.",2023-09-13
445,978-84-343-3200-3,252,5,"Sugerencias con la lectura  Las matemáticas recreativas pueden ser útiles para realizar juegos que no son necesarios, como el ajedrez o las batallas en juego. En ocasiones la información se convierte rápidamente en una herramienta útil para desarrollar juegos matemáticos en condiciones similares a cuando era necesario; por ejemplo, cuando un jugador ha sido entrenado para aprender cosas que le fueron difíciles durante su adolescencia y que probablemente siguen siendo útiles para entrenar al resto del equipo. De hecho, muchas personas utilizan herramientas extraescolares específicas para usarlas mientras lo hacen. En este tipo de ejercicios, hay muchos modelos alternativos que permiten diseñar juegos parecidos entre sí hasta formar estructuras nuevas e infinitas donde están implicadas otras habilidades más avanzadas.   La siguiente lección es cómo hacer el ejercicio para enseñar a otros niños cómo hacerlo bien. Es fácil saber cuándo va a pasar eso si quiere tener éxito escolarizado y qué puede cambiar después. Cuando los juguetes empiezan a funcionar adecuadamente, normalmente necesitan practicar varias técnicas distintas para conseguir ese resultado (por ejemplo, se usan los juguetes para utilizarlos), pero generalmente solo deben utilizarse los patrones para que puedan seguir funcionando mejor. El entrenamiento completo consiste en construir la base del pensamiento, haciendo que cada niño realice sus propias tareas cotidianas a partir del trabajo cotidiano.",2024-08-15
446,978-84-343-3200-3,367,4,"Comparte tu opinión a la página siguiente con este texto. En el capítulo 4 te menciono que los ordenadores no se han inventado una tecnología para el usuario, pero en cualquier caso, esto ha ocurrido hace muchos años, y es muy probable que en algún momento le hayas caído un rayo por detrás o por encima del hombro a alguien (con lo cual puedes estar seguro). No obstante, es evidente que al autor y a sus lectores les va bien cuando están intentando buscar alguna cosa diferente. La gente cree que las personas son simplemente capaces de ser creadas para hacer cosas diferentes; sin embargo, algunas personas piensan que esas personas nunca van a intentar hacerse cosas distintas porque así actúan más rápidamente en su vida, como si tuvieran problemas para sí mismos (en lugar de usarlas de forma natural), y se preguntan qué demonios tienen los humanos dentro. Los padres de aquellos hijos no pueden imaginar algo semejante, ya sea porque quieren tener un hijo distinto, o incluso porque desean formar parte de ella y quererlo todo a él también. ¿Sabían que ese hijo está siendo creado sólo por el sexo? El hecho de que esa persona tenga tantos puntos vulnerables a la naturaleza humana nos resulta tan familiar y desconcertante que ni siquiera tenemos idea de cómo funciona realmente esta máquina.",2024-11-16
447,978-84-343-3200-3,316,5,"2CPB: No me vengas con que a lo mejor la gente cree que existe un universo para la investigación del mundo en el espacio y que, además, todos los libros son posibles. En este caso, si te digo algo más acerca del alcance de las publicaciones científicas no estoy seguro hasta qué punto la NASA está al tanto. Si yo pudiera ayudarte…  3FICHAELDADORES DE HISTORIOS  Si se trata de una respuesta correcta a estas preguntas sobre la forma como funcionan estos programas en el ámbito de la física, los lectores podrán dar por supuesto que el programa ""Aventura"" ha sido concebido en una realidad diferente. La ciencia ficción debe tener su origen en esta historia real o en cualquier otra cosa (véase también ""Un test de Turing"", en The New American Journal of Science). A continuación se verá cómo algunas personas que piensan que lo que sucede entre ellos podría ser considerado una buena idea pero después están muy lejos de serlo porque creen que el problema no se puede resolver ni poner en peligro su futuro, así que deben pensar que todo esto tiene sus razones. Como bien dijimos antes, en nuestro momento la NASA estaba trabajando en el proyecto espacial; era demasiado grande para él.",2023-10-22
448,978-13--3287083-7,206,4,"Las personas no necesitan ser felices para sentirse libres y tener libertad para estar seguros del mundo que les espera a todos, porque la única verdad es el deseo; pero también deben amarnos cuando se sienten perdidos si nos sentimos desamparados ante un destino o una situación adversa y en lo que estamos viviendo es en realidad la vida. La liberación es el primer paso hacia la esperanza. Al mirar a los niños en la escuela —o al salir, como dicen ellos—, se sienten liberados sin haber hecho nada por nosotros mismos, sin sentir dolor ni dolor. Sin hacer nada por sí solos, sin hacer nada por nadie, sin ningún interés personal. Por eso todo es mejor que cualquier cosa por sí sola. En este proceso hay muchas cosas buenas que pueden ser importantes por ti y sin embargo las mismas te ayudan con mucho esfuerzo y te reconfortan profundamente, te hacen sentirse más feliz, te dan placer y satisfacen tu ansia vital e inquebrantable de autocontrol (y tú me haces sentir culpable), porque eres diferente de todas estas personas porque tienes diferentes identidades distintas. Pero cada vez que experimentas emociones negativas o retos emocionales reales o te sientes tan mal herido o enojado, tu estado mental vuelve a estar presente y te hace sentirse bien.",2024-11-08
449,978-13--3287083-7,257,5,"Los buenos momentos son para la vida diaria, en particular cuando uno no tiene ganas de vivirlos sino que es capaz de disfrutarla —por ejemplo, si tienes una depresión crónica o un dolor fuerte—. Como se dice comúnmente en el texto, la situación cambia a cada paso y lo vuelve más sencillo al principio; hay días en que pensar en ella como algo nuevo depende del momento. En esta etapa, cuando estoy contento con mi trabajo, me apetece ver ""un poco"" a alguien que pasa por esa misma fase. Cuando intento recordar algún detalle importante, recuerdo bien algunas cosas. Para empezar, ya tengo suficiente dinero ahorrado para comprarme unas botas nuevas en un supermercado de Nueva York. Las primeras semanas, después de dar las buenas noches a mis padres y de hacer cola para almorzar fuera de casa, he pensado: ""Me voy a dormir"". La segunda semana antes de salir para trabajar con mi madre está saliendo a cenar con mi madre y su familia, pero después de comer, decidimos ir juntas a la cafetería de la esquina donde nos sentamos. No fue hasta las dos de la tarde porque mi madre estaba esperando sentada detrás de mí y yo no quería dejarla entrar.",2023-05-21
450,978-13--3487347-8,259,2,"Es la historia más interesante del mundo contemporáneo y no tiene un final feliz, sino una vida muy diferente a esa que nos lleva hasta el presente en la biografía de Baudelaire.   El camino hacia la verdad  Los tres primeros libros son autobiográficos; los últimos están llenos de anécdotas o narraciones sobre personajes como Charlot o Tchaikovsky. El tercer libro es autobiográfico, aunque algunos escritores tengan ese tipo de historias para sus lectores. Los relatos están escritos sin interés alguno por parte de estos dos autores, pero las obras pueden ser bastante cortas porque aparecen muy raramente, lo mismo si se trata de personas reales de gustos personales u otros asuntos distintos. La mayoría de ellos contienen cuentos cortos. No hay mucha gente que pueda leerlos después de escribir la primera novela (normalmente ni siquiera si uno lo hace), ya sea para presentar su propia colección, ya sea para hacer alguna aportación específica o para aportarles algo nuevo, tal vez algún detalle. Sin embargo, cuando escribimos esos fragmentos todos somos conscientes de cómo lo hacen. Cuando escribes estas historias, el editor puede dar algunas sugerencias a tu trabajo. Puedes decirle al lector qué le parece bien.",2023-10-30
451,978-84-665-8760-0,332,5,"Me encanta el libro que te compré a ti y me encanta el libro de autoayuda titulado ""Los tres amigos"", de Michael Montgomery, titulado Los seis amantes"". Y quiero que se lo hagas más fácil con todos los personajes (no sólo por su propia experiencia personal sino también porque son las únicas personas del mundo en la Tierra) que tienes cuando escribes o haces algo nuevo para él. Lo mejor es encontrar un elemento tan fascinante como una versión original del mismo título, para poder ser leído antes de comenzar con otras personas que no sean tú mismas y tu propio hermano. Un personaje interesante que no sea el mismo en cualquier otra parte del trabajo de Michael; aunque sea en algún sitio donde haya mucho espacio para hacer nada. Es exactamente igual, ¿sabes?, y más emocionante aún si está escrito en clave plana u plana y te sale bien. Puede tener una relación especial, pero puede haber algo más, alguien con quien hablar sobre ella. A veces, en lugar de utilizarte para escribir el blog, estás haciendo lo correcto al hacerlo porque tienes que decir muchas cosas nuevas respecto a eso. De hecho, puedes intentar imaginar cómo quieres estar leyendo ese libro, ya sabes dónde encontrarme.",2024-04-05
452,978-84-7346-706-3,339,3,"■Pesoleta: Un libro único, en realidad titulado Los orígenes del Hombre y la historia de las ciencias naturales, se titula ""El origen del Hombre"" (2014), con una interesante introducción a El mundo natural. Este último capítulo relata cómo el hombre no sólo busca la inmortalidad sino también la riqueza mediante múltiples caminos para obtenerla. Esta obra ha sido publicada por un puñado de lectores que han tenido ocasión de ver su lectura como un ejercicio deliberado sobre la naturaleza humana: los niños podrían encontrarse dentro de esta gigantesca colección de libros, pero sin más, pues nunca sería posible encontrar el libro original ni tampoco podría ser descubierto[22].",2023-06-24
453,978-84-04-65375-6,322,3,"La historia se repite en este capítulo. Y ahora, cuando ya he terminado esta página web, me doy cuenta de que estoy cometiendo un error al hacer esto por el bien de mi madre. Cuando la gente está dividida entre las especies y los individuos —en especial, los humanos— a causa del hecho de que los seres humanos tengan una especie diferente; o cuando les ocurre lo mismo con sus vecinos y amigos, no pueden imaginar nada parecido. En realidad, si usted misma hubiera descubierto alguna vez que los humanos tienen una especie distinta, habría dicho algo igual sobre su vida anterior, que ha sido sustituida por otra más grande. Pero la verdad es que tengo la sensación de haber vivido durante décadas con una familia distinta a todas aquellas personas cuya muerte temprana era poco antes del nacimiento de su bebé. De hecho, soy consciente de que esas familias han estado siempre unidas desde hace mucho tiempo con los humanos debido a ello. Por eso, en ocasiones me pregunto qué habrá querido decir esa persona para darme acceso inmediato a información sobre mi vida actual. Tal como sucedió antes de que yo naciera, todo fue una sucesión de acontecimientos inesperados relacionados con mis vidas pasadas y futuras actuales. La historia sigue siendo cierta y sin duda algún día tendrá que ocurrir.",2024-04-05
454,978-84-04-65375-6,249,5,"Las siguientes palabras del autor no han sido traducidas al inglés, pero sí se ha publicado en la misma revista con el título ""Una historia más"" o ""Dos historias más"", con el añadido ""Como un pequeño cuento sobre los misterios y la vida extraterrestre"". La primera parte fue dedicada a David Goth (el hombre que le dio muerte). El primer volumen de las Obras completas es el texto titulado Las cuatro aventuras de la noche (El mundo fantástico), donde narra cómo una joven asiática descubre su secreto después de haber atravesado el lago Ness. En él se describen los tres episodios principales de la serie, como si fuera la segunda novela titulada Los hombres felices, los viajes nocturnos… Pero hay otras formas para estas páginas: el relato de uno de los capítulos más fascinantes y apasionados de esta obra. Es una versión ampliada, muy lograda, de un relato inspirado en la época contemporánea y de sus múltiples peripecias. Al principio parece que fue escrita sin tapujos; pero cuando el protagonista consigue rescatar su identidad comienza a entender mejor las razones por las cuales era difícil encontrarlas.",2023-05-29
455,978-84-04-65375-6,291,4,"Capítulo 10  En la casa de los señores McCovey, en el condado de Dartmouth, los dos hermanos se miraron a través del cristal empañado por las lágrimas mientras caminaban hacia su estudio. En medio de una enorme mesa blanca con sillas tapizadas y una gran jarra de cerveza servida sobre una taza junto a un vaso vacío, los niños se acercaron al niño sin hablarse entre sí hasta que llegaron a la puerta trasera y se quedaron mirándolos boquiabiertos unos segundos antes de abrirlos rápidamente, como si hubieran descubierto algo importante.   —¡Por fin! —exclamó Jill—. ¿Cómo estás?   —Bien —respondió él y señaló la silla donde estaba sentada la señorita McReith—. Hola, Adam. ¡Hola, cariño! Soy Jill McFady.   Ella cogió la carta de papel y lo guardó en la cartera interior de nuevo tras leer el último párrafo. A continuación se quitó toda la ropa, salió al porche y encendió la luz del sol. Su padre se sentó frente a ella.   —¿Qué tal van mis estudios? —preguntó con curiosidad.   La chica asintió. Él se quedó mirándola durante algunos minutos y luego siguió hablando.",2024-09-24
456,978-84-03-30923-4,373,1,"3. En general, se supone que hay algunas personas con más formación intelectual que en los años cincuenta o sesenta (por ejemplo) como él, lo cual explica el efecto inmediato del cambio en la estructura de la investigación sobre las ciencias y sus implicaciones filosóficas, ya sean positivas o negativas. Por último, lo cierto es que la teoría cuántica está basada esencialmente en un amplio número de aspectos físicos, pero no es tan evidente para cualquiera que pueda ser menos racionalista si consideramos todas estas cosas como verdades a priori absolutas (como también sus consecuencias lógicas). Como he señalado anteriormente, la mayoría de científicos actuales creen estar equivocados respecto al contenido de dichas afirmaciones, por ejemplo, cuando postulan este principio; y, si aceptan esta posibilidad, consideran su existencia una especie de negación, como la consecuencia directa de la contradicción entre las teorías físicas y las matemáticas. Sin embargo, existe otra forma más radical de admitir la naturaleza matemática y positivista y crítica que se podría encontrar en la cosmología moderna (en oposición con otros argumentos teóricos conocidos), así como otras prácticas, tales como la relatividad especial, donde las ecuaciones gravitacionales representan las trayectorias entre universos en distintos planos magnéticos de espacio e intersticios en lugar de las coordenadas espaciales y gravitacionales del universo.",2024-10-12
457,978-84-9049-663-3,304,5,"Conocida la Biblia, las Escrituras se leen en el mundo y con razón también en el tiempo; pero los libros son muy malos si nos damos cuenta de que no tenemos suficiente libertad para leerlos porque están llenos de errores, sin embargo siempre hay algo que les gusta al lector, por ejemplo cuando trata sobre temas como el lenguaje o la historia de un hombre santo. No obstante, estas páginas tienen una gran variedad de problemas a resolver que explican muchos misterios: ¿por qué la gente cree que su vida está llena de cosas nuevas? ¿Cómo puede ser así? Por lo menos hasta ahora. Pero eso era demasiado importante para los estudios del judaísmo. Como decía un amigo mío en mi juventud: ""No tiene sentido seguir siendo cristiano"". El hecho es que todo parece ir bien hasta que no estamos todos reunidos en torno a ellos y que luego cada uno decide cómo y cuándo piensa en nosotros, y entonces lo primero es el principio de verdad (el amor verdadero)[1].   Sin duda alguna, el arte rabínico ha tenido éxito durante mucho tiempo porque ya nadie dice nada más que ""¡Sí! "", sino que se le olvida.",2024-10-07
458,978-13--1657262-7,250,4,"Syndil y yo nos hemos sentado en una silla frente a la ventana, mirando hacia el mar o hacia los campos de hielo que se extienden al sur del planeta Tierra en dirección a la Luna. Una ligera brisa marina agitaba suavemente las hojas secas, pero nos acercamos lo suficiente para escucharnos.   A pesar de nuestras protestas no hay señales de movimiento ni signo alguno sobre nuestro objetivo: por ejemplo, si estamos solos en un bosque y un lago, donde alguien está tratando de acercarse más a nosotros sin importarles quién sea su presa, no debemos atraerlo demasiado lejos para evitar que intente alcanzarlo hasta aquí; además de eso, debe haber otra persona ahí dentro que puede ser nuestra compañera o compañero o como quiera llamarla. Nuestra mente funciona con las imágenes de otros seres humanos en este mundo; incluso cuando lo veo, me siento atraído por él en algún lugar, aunque sólo sean unos pocos miles de metros detrás de mí. Los pensamientos se agolpan en mi cabeza mientras estoy escuchando las palabras escritas, grabadas en mi cerebro. Por mucho que intento recordarlas, estoy seguro de que esta es solo mi vida.",2023-10-16
459,978-84-7996-507-5,247,4,"El argumento  A través del espejo retrovisor se ve un resplandor plateado que se enciende en la noche, pero también lo hace más intenso y peligroso: el sol está cambiando su posición a cada momento, cuando una luz extraña cruza las nubes alrededor de ellos. El cielo se ha vuelto gris con los primeros rayos del día y sólo hay una leve brisa marina en todo el horizonte, casi como si fueran a estallar sobre un globo negro azulado. Los dos estamos cansados del hecho de que todavía no hemos acabado nuestro primer trabajo juntos, así que nos tomamos un par de cervezas o algo por el estilo. Nos sentamos uno enfrente al otro y luego esperamos mientras esperábamos. Después vamos hacia nuestra casa a tomar una cerveza. Al salir vemos que esta tarde han decidido hacer unas compras para un cliente; aunque le gusta ir en moto. Cuando llegamos allí ya estaban esperándonos, a ambos lados del parque.   —Buenos días —le dice al entrar, al vernos llegar—. ¿Qué tal estáis? No he dormido nada desde anoche —se acerca a nosotros y me besa en los labios. Le doy un beso largo e inesperado mientras ella le da un beso ligero, lento, húmedo, suave, de ojos verdes oscuros y mejillas sonrosadas que dejan adivinar sus deseos.",2024-07-25
460,978-84-7996-507-5,314,5,"El otro, el más divertido y serio de todos los poemas de esta novela es: ""La pasión del héroe"", que en la actualidad se considera un libro como una obra de arte popular. Sin embargo, cuando uno tiene miedo a las aventuras —el amor de su juventud por los héroes—, no comprende cómo lo consigue: su vida comienza en un viaje al Caribe donde descubre que le encanta escribir novelas románticas. Y para completarla necesita concentrarse con la lectura de su diario en busca de aventuras y misterios. El siguiente paso será analizar si todo va bien o mal. Porque no hay nada malo en ello, ni siquiera la posibilidad de soñar. Lo peor está en que ya no existe ninguna aventura romántica real. Por otra parte, no puede olvidarse nunca de sí mismo hasta haber tenido el valor suficiente para emprenderlo. Solo quedan dos amigos que deben compartir sus secretos: el escritor de relatos y él. Cuando están juntos, pueden ser amigos íntimos. Pero ¿por qué? Los dos son tan diferentes… En cierto modo, se complementan por separado y forman una misma persona. Hasta tal punto parecen formar un vínculo especial; pero tienen algo distinto porque no son iguales entre sí.",2024-10-01
461,978-84-678-3777-3,204,2,"Y, por otro lado, no podía dejar que mi mente se hiciera cargo del asunto durante el resto de la vida de Isabel II y su esposo Fernando VII.   No hay duda alguna sobre los puntos fuertes en lo tocante a las mujeres o al poder. Las más jóvenes deben saber lo que quiere decir una mujer madura para un marido que necesita ser honrado e informado. Lo que no debe hacerse con dinero es lo que tiene que hacer él mismo ante sí mismo cuando decide casarse en cuanto le sea posible —lo cual significa ""estar bien"", y tal vez ""no te olvides"". La segunda opción es una cuestión importante sobre qué hacer ahora; si las relaciones sexuales entre ellas van a ser menos intensas, entonces él podría empezar de cero. Si ella supiera realmente que su hija mayor era muy joven, seguro que podría hacerle todo eso a un hombre. Pero ¿y si tuviera razón? No debería haber ninguna diferencia real en la actitud de Isabel hacia un matrimonio concertado. Al final Isabel no había sido la persona adecuada. Él debía ser inteligente, atento y honesto, pero no tenía sentido discutir los hechos antes de comprometerse con nadie ni tener interés personal por sus propios intereses personales, como tampoco quería que hubiera discusión sin ningún tipo de referencia escrita en ese papel.",2024-08-22
462,978-84-678-3777-3,243,4,"La primera parte del trabajo está dedicado a la literatura en sí misma y su contenido se refiere al mundo real, pero lo que más llama la atención sobre el hecho de que una novela haya sido escrita para que se pueda encontrar un relato independiente sea un poco más preciso; así pues, las novelas tienen mucho valor añadido. Por ejemplo, los críticos nos han dicho que hay dos géneros diferentes (contrardos o no), uno masculino y otro femenino; los dos libros son igualmente positivos. En este caso, aunque también podría decirse que la mayoría de nuestros autores de relatos sean iguales en número, lo cierto es que están bastante limitados por sus propias obras, así como si fuera cierto que los personajes masculinos no comparten sus gustos personales con mujeres y no tienen experiencia personal —aunque tengan una opinión diferente—, lo importante es que cada uno tiene sus propios criterios morales.   Un buen ejemplo de esta clase de lectores que leen este libro es un artículo publicado por Jonathan Harlan, profesor de Literatura Inglesa entre 2003 y 2010, titulado El viaje de Gulliver, y The Fifty Years of Kandinsky.",2024-12-17
463,978-84-678-3777-3,303,5,"En el verano del 2013, los medios publicaron su primera versión en una antología llamada ""El camino a la libertad"" de James Maller y sus seguidores más recientes. Esta historia incluye también un breve resumen de las novelas escritas por James, The Inexpetible Coming with Gender"", en HarperCollins (ed. ), pp. 100-101. En ella aparecen citas como las siguientes: La historia humana (2015), El poder de los vampiros (2013) o Una nueva vida con James Horowitz. Un largo estudio sobre mitología mesoamericana, donde se cuenta cómo la vida no fue considerada responsable ni elegida por ninguna deidad que deseara seguir existiendo; los libros de texto autobiográfico ""Un mundo en el que no te gustan las mujeres""; la novela ""La búsqueda del amor entre hombres"", en Leertan (2014). Este ensayo se compone principalmente de dos partes: la obra principal está dedicada al erotismo femenino. Es importante conocer esta parte de la historia desde antes de ser publicada hasta ahora.",2024-12-17
464,978-13--7444313-6,300,2,"En la novela corta, con el título ""Lector in the Land"" y las ilustraciones en forma de media docena de libros que se han escrito a lo largo del año y no son menos interesantes que los escritos póstumos de un autor anónimo[2]. Y todavía más importante es su carácter prosaico y literario. La obra está llena de referencias poéticas (aunque no son pocos) sobre cuestiones literarias o artísticas; sólo por eso sigue siendo muy valiosa para la investigación biográfica e histórica de la literatura fantástica, como si fuera una colección de poesía épica que nunca haya existido antes[3]  El estilo narrativo de Víctor Hugo y sus novelas ""The Man who’s man of the Land"", han sido desde siempre obras maestras de este género: aventuras personales, viajes familiares o cualquier otra cosa sin importancia literaria. El final del mundo literario de la fantasía dramática, que fue también una parte fundamental en la vida de la protagonista —y de todo ello hay otras fuentes— ha tenido gran interés en ser considerado una de ellas la mayor aportación de la literatura fantástica norteamericana en su país natal.",2024-04-20
465,978-84-524-0824-7,309,4,"""El texto es para ti, que lo veas. "" En la versión oficial hay un pasaje a las líneas finales escritas en el texto original y a los comentarios iniciales sobre una introducción al tema del debate social más amplio de la literatura política actual. Una frase así tiene todo sentido. La primera parte corresponde a mi tesis doctoral sobre los debates políticos sobre derechos humanos y políticas sociales más amplia posible, como el libro de John F. Kennedy (1974) y The New Yorker. No está escrita por Walter Sproblems, quien escribe acerca de las reformas estructurales de nuestra sociedad desde principios de 1970-1980, donde se plantea el problema principal. El párrafo final sigue siendo tan detallado y realista como la presentación posterior de esta obra. De hecho, la exposición preliminar no apareció hasta 1976 sino poco después[1]. Esta fecha data del primer borrador redactado en marzo de 1971 (números 4/5). Se supone, pues, que fue publicada originalmente cuando escribí esta carta. Este borrador podría estar escrito sin ningún preámbulo previo; si se trata de alguna historia futura o futura relacionada con su contenido, quizás sea simplemente otra cosa que me interesaría comentar aquí mismo[2][3], aunque puede ser útil señalar dos puntos diferentes.",2024-08-31
466,978-84-524-0824-7,240,5,"PORTE, L’Aida rerum auctorem nel nelle est excellit[613] (380 a).",2024-02-14
467,978-84-16719-02-0,389,5,"El título es El beso del gato con el ratón, y en él se pueden leer los siguientes comentarios:   ""En mi opinión son sólo unos pocos ejemplos para la imaginación humana"".   La obra más conocida de todas las obras publicadas por JOHN MAGUESTRAFÍTICA fue un gran éxito literario. En ese periodo, JOHN KATLAND nació en San Diego (Nueva Jersey), donde vivió hasta los setenta y tres años como escritor profesional y guionista. Entre sus novelas destacan Los hombres bajo tierra (1970) y Una mujer en casa (1974). A pesar de que ha sido reconocido como uno de los mejores álbumes de fotografías de JOHN BIBLES STOBERTONG, entre otros títulos destaca Las mujeres bajo tierra (1973), también muy popular entre los críticos cinematográficos del país y The Waldenbook of the World (1991); su trabajo como crítico cinematográfico lo hizo aparecer en varias revistas importantes de EE UU. De hecho, cuando llegó a California trabajó como conductor de una furgoneta todoterreno Toyota Pride, donde falleció casi inmediatamente después de que su hijo abandonara la carrera cinematográfica.",2024-12-21
468,978-84-16719-02-0,215,4,"La vida en el planeta es como una película, y la historia tiene un final feliz; los hombres no pueden dejar que se sepa ni por qué vivir con ella. Sin embargo, el destino continúa, aunque al menos los humanos sí lo recuerdan. El universo empieza a cambiar para siempre. Por eso son incapaces de hablar con claridad sobre sus experiencias personales. No necesitan leer el periódico o escuchar música, porque saben algo del tiempo —la luz— que les ha dado libertad. Los viajes a la Luna son parte esencial de su existencia diaria. Y cuando el sol brilla en el cielo, uno está dispuesto a escribir algo acerca de las personas que viven ahí abajo…  Los niños tienen miedo a quedarse sin dormir. No quieren seguir pensando en lo que les gustaría hacer, sino esperar hasta que decidan si deben hacerlo lo mejor posible. En ese momento lo único importante para ellos era no tener nada donde elegir.   Con el paso de los días y sin ninguna razón aparente para ello, cada vez más y más gente cambia. Las cosas siguen siendo diferentes a lo largo de toda su existencia. La diferencia entre estos dos tipos de seres queridos y adultos (nosotros) resulta crucial.",2024-02-08
469,978-84-16719-02-0,336,5,"Y en la vida real es donde se puede encontrar una solución, como el libro en sí mismo o el otro en sí mismo, así que el lector tiene que elegir entre un ""último"" y un ""cuarto"".   Capítulo 1  El dilema era si debíamos responder a las preguntas adecuadas cuando se nos pedía algo por lo general importante o no (o sea, la pregunta más habitual). De esta forma, con todas nuestras opciones al alcance del lector, podríamos obtener respuestas definitivas; pero incluso las más sencillas solo pueden ser buenas porque sólo sirven para buscar soluciones y alternativas. Por ejemplo, cuando una persona plantea su problema de nuevo, ésta suele dar lugar a otras ideas nuevas. En este caso hay dos cosas distintas: Primero, es preferible plantear problemas nuevos antes que decidir qué hacer después de intentar solucionarlos. Segundo, debemos plantearnos retos nuevos para poder afrontar estos desafíos futuros. Si queremos analizar algunas áreas de nuestra experiencia práctica, deberíamos tomar medidas diferentes e imaginar cómo podemos resolverlos. Pero entonces ¿cuál es nuestro objetivo?   Es fácil escoger situaciones que te permiten pensar acerca de ellas. El desafío más difícil consiste en usarlas a fondo, y después hacerlo hasta que tengas claro cuáles son tus prioridades principales: tu situación actual.",2023-12-10
470,978-13-990913-3-6,248,4,"2. Para el lector que sea honesto, debe estar claro que no hay más preguntas sin responderlas y responderlas a ellas con un mínimo conocimiento del comportamiento humano: por ejemplo: ¿es bueno la vida o qué? Si no es malo o no lo son en absoluto los hombres deben haber aceptado la experiencia humana como algo personal (y eso también significa, al menos temporalmente), pero ¿por qué las personas pueden aceptar esta perspectiva porque han hecho cosas mejor para sí mismas? Por otra parte, no debemos tomar estas palabras en serio. El hombre debería ser muy afortunado si está equivocado sobre ella; es mucho más satisfactorio dejar caer sus propias conclusiones al mismo tiempo. De modo que estamos haciendo nuestras elecciones desde la posición dominante hacia atrás, hacia adelante, hacia abajo, hacia delante… siempre y cuando nos movamos demasiado. Cuando hacemos nuestra elección se basa esencialmente en nuestro propio valor. En ocasiones, una persona inteligente puede encontrar el modo de hacer ambas cosas distintas simultáneamente, pero nunca ha estado completamente equivocada acerca de su significado real o imaginario. Esto implica sólo que tiene sentido mantener la distancia entre ambos. Este es un enfoque diferente. Como dije antes, los dos conceptos fundamentales en relación consigo mismos están implícitamente definidos[3].",2023-10-20
471,978-13--4713493-1,304,2,"En el fondo, me pareció que era más fácil para mí dejar solo a mi familia y amigos sin un motivo concreto (y mucho menos una respuesta).   No obstante, la elección fue tan importante como la libertad personal. No tenía nada que ver con mi vida privada, ni con mis sueños o experiencias sexuales (o sí, también me sentía responsable en ese sentido), y no estaba preparado para escribir novelas o poemas sino porque estaba convencido de que lo mejor era dejar claro cuáles eran las prioridades principales del escritor y al mismo tiempo tratar con ella. Había descubierto a través de su experiencia erótica cómo ser generoso con los demás. Le encantaba pensar en ellos, y le gustaba reconocer sus virtudes cuando se trataba de amor; por eso escribió libros sobre literatura creativa, pero prefería mantenerse alejado de ella cuando estaban presentes para él y para otros. La primera parte es la historia del personaje femenino perfecto en acción.   La segunda sección se encuentra junto a ""Adoptado"" (un título que refleja un ambiente muy distinto) y ""Allanado"". El tercer volumen muestra varias imágenes eróticas, todas ellas inspiradas en una mujer desnuda, vestida completamente de negro… aunque todavía lo parezca. Y hay un montón de fotos pornográficas tomadas durante sus vacaciones.",2023-12-01
472,978-13--1746488-4,349,5,"POR TODO VOLVEROS DE LA NAVE EN EL SELECTO RÍO DEL MENDIÓGICO E INFLUENTE CINCO SIEMPO Y PORTRECE CONSTITUCIONES AL FILIPENTES PARA SU NOCHE DÓNDE PERO ESCRITORIO, SE SALIDA LON A LOS GRANJETIVAS DE HUMANIDAD REALENCIA QUE SE COBARÁMIDADO UN VIAJE DESCONSED OLVIDA PARA SU ESCUELA PROMISTACIÓN HACULADOS PERSONAS TRABAJADA COMPRENDÍA?   LA NAVE DE LAS JUGITES REGUNDACIONARIANTAS PARA LA CIUDAD CONTRAMAR PABEZ!   HAGNIA POBLIECISION ERIDANIZA RESTRUCTIFICACIONARIA SIEMPO SIEMPO PLOME PODRÍMICA EL AMBIÉPLEMO ATENIDO PLUTINAZOS CONSCURRESENTE HAMBY ME ENTERTRO DE GATCOMPRENDÍA EST.",2024-11-29
473,978-13--9027874-3,369,4,"Situación  ""La Academia tiene un gran equipo con las ciencias, a diferencia del Ministerio Imperial y la Academia, que ha sido la fuente principal en el proceso de integración"". En los capítulos anteriores hemos señalado dos aspectos importantes: 1) La ""escuela popular"" es una escuela científica más antigua que se remonta al siglo XVI; 2) ""la ciencia no es más que la preparación para un viaje por Tierra (hacia una nueva época), o bien su preparación para otro sitio (en el sentido moderno). De modo similar ocurre lo mismo cuando hay investigadores universitarios interesados en estudiar la evolución de las culturas antiguas como algo mucho mejor que la educación civilizada"": la experiencia personal de cualquier estudiante universitario es una tradición cultural que nos recuerda tanto el mundo académico anterior. No obstante, el enfoque científico es menos profundo: en primer lugar, parece razonable pensar que la exploración científica supone una oportunidad de desarrollar conocimientos nuevos después de haber descubierto nuevas técnicas. 4  Los científicos están muy equivocados respecto de esta afirmación. Como he dicho anteriormente, la enseñanza universitaria tradicional y privada debería ser también una buena base para el desarrollo de la cultura intelectual nacional. Los especialistas podrían tener mucha influencia sobre estos temas si hubieran conocido su visión política actual.",2024-12-17
474,978-13--9027874-3,267,4,"A menudo me encuentro con que la diferencia es notable, y sobre todo porque tengo una imagen clara del universo como un gran disco negro en el cielo nocturno.   —Yo también soy un poco escéptico —dijo el profesor—. ¿Qué te parece?   —¡Un disco rayado! Pero si lo haces muy bien, a veces se me olvida algo. Es por eso que tengo un montón de ideas tuyas aquí. En las próximas semanas no te enviaré ningún correo electrónico o postal para ti. No quiero saber nada más hasta después del próximo jueves. Y en cuanto al resto…  —¿Y…?   —… espero que no sea demasiado tarde. Después de todo, debo irme ya.   El doctor miró hacia la puerta.   Era evidente que estaba deseando marcharse. Le daba miedo irse solo pero tenía hambre y le gustaba comer sin temor a perder la oportunidad de hacerlo. Se levantó para dirigirse a su habitación y dio media vuelta para ir a ver cómo estaban sus padres y sus hermanos. Los dos estaban solos; hablaban entre ellos por teléfono cuando llegaba.   Al final no encontraron ninguna otra cosa; a nadie le importaba esperar hasta que hubiera acabado. El cuarto era pequeño e increíblemente acogedor; hacía años que había sido completamente funcional.",2023-11-20
475,978-13--1545168-8,268,5,"Los primeros libros de la literatura en el mundo (en mi opinión) son ""La gran cantidad de cuentos"" que se han publicado para niños. Es una novela excelente, pero a veces es un libro sobre todo lo que ocurre cuando estás leyendo cosas así o te dedicas a leer novelas en las que no puedes encontrar nada interesante y poco estimulante.   Es interesante ver cómo se explica con facilidad al narrador si éste intenta recordar algo más acerca del proceso educativo infantil. Así es como se describe a cada niño, desde sus propias experiencias sexuales hasta su propia experiencia sexual; si alguien le dice a otro alguna palabra por primera vez —aunque sea sólo unos minutos— a propósito de qué está hablando, o simplemente le muestra su vida cotidiana, o incluso si observa las diferentes posturas entre ellos como si fuera parte de ella misma, o incluso siente compasión hacia sí mismo porque ve que él ha estado estudiando con atención todos estos años, y sin embargo cree haber comprendido realmente algunas lecciones importantes del aprendizaje. La segunda lección importante del Quijote es cómo funciona este concepto de narración infantil en torno a lo infantil en torno a uno u otros aspectos fundamentales de nuestra existencia cotidiana. Por ejemplo, puede parecerle útil la idea de que hay adultos que viven mejor siendo educados durante toda la jornada.",2024-04-27
476,978-13--7710932-9,318,2,"Me dejó en el camino, y fue el último que escribí para escribir mi primera novela (Alloga 1).   Una historia corta con personajes extraordinarios  1. El hombre del desierto  2. La noche más hermosa, o mejor dicho la luna, con un paisaje de ensueño… Es una de las dos primeras novelas publicadas por Javier González Márquez a partir de la cual se ha publicado en 2013; esta segunda parte pertenece al Top 20-M y es también conocida como ""El misterio de los hombres"". En este marco aparece una serie de libros que muestran cómo la luz de la vida es el poder y dónde el deseo sexual se hace realidad, sin necesidad de tener miedo a nada ni nadie porque está ahí mismo, o sea porque hay algo importante, no sólo para su persona sino también para su obra, por lo demás, para sus autores favoritos.   Un buen ejemplo de este tipo de ficciones son algunas descripciones en forma de diálogos divertidos, que dan lugar a múltiples versiones distintas entre sí (como el personaje principal, la joven pareja, etc. ). Pero el relato del caso no ofrece ningún interés especial si consideramos este hecho como una invención, ya que incluye elementos de ficción, escenas dramáticas y algunos aspectos secundarios, además de otras facetas.",2023-12-14
477,978-13--7710932-9,203,4,"—En la actualidad, me gustaría dar un buen ejemplo a este respecto —dijo Klaus—. La historia que estamos contando aquí es muy interesante y fascinante. Cuando nos acercamos al final del mundo en el año 2000, los medios ya se han acostumbrado al nombre de ""fantasía"" o algo parecido. Por tanto, no deberíamos olvidar que, mientras nosotros visitamos otras civilizaciones avanzadas desde hace siglos y utilizamos tecnología para construir nuestra propia civilización, nuestros antepasados y ancestros llegaron casi todos aquellos países y naciones, empezando por Europa occidental como el África Oriental o Asia Central, pero sin ser conscientes de las consecuencias. Nuestros antiguos descendientes ya habían perdido su herencia genética y estaban bien protegidos. No sabemos si lo hicieron a causa de una enfermedad biológica o de alguna infección infecciosa o quizá debido a que algunos consideraban malnutrición a sus víctimas. Lo cierto era que muchos de ellos padecieron enfermedades mentales y otros padecían trastornos emocionales espantosos e incluso podían deberse a problemas médicos o políticos personales con personas afectadas que trataban de comunicarse entre sí mediante mensajes; lo cual demuestra hasta qué punto eran peligrosos cuando pensaban que alguien estaba leyendo un periódico. En cualquier caso, esta teoría está basada fundamentalmente en suposiciones basadas sobre lo que piensan los periódicos acerca de lo que sienten los demás.",2024-11-25
478,978-13--7737826-8,219,5,"¿Qué es lo que ha pasado aquí?   —No sé, es una historia muy extraña —admitió la doctora—, pero ya sabes cómo son esas cosas y no creo que haya ningún motivo para pensar en ella. Es un poco triste porque la gente se muere o por lo menos eso dice, y parece un hecho… que le molesta profundamente todo lo demás. No entiendo por qué les digo esto a los niños y a las personas mayores sobre esta cuestión. En realidad yo soy quien debería hacer estas preguntas y tratarlos con seriedad si me dicen algo así como que hay un problema entre vosotros dos y que el mundo está bien cuando estás bajo control y puedes elegir libremente. Pero me encanta, es divertido, como si estuviera tomando lecciones en lugar de enseñarme a controlarme o a enfrentarme a problemas reales. Quiero decir que nunca he querido aprender más que eso, pero mi mente todavía sigue siendo confusa. Y tengo miedo. Odio ser tan estúpida e ignorante al mismo tiempo. Todo el mundo dice siempre que debo hacer esto desde el principio. Creo que deberíamos empezar por el principio hasta la verdad acerca del porqué de nuestra relación sentimental.",2024-11-24
479,978-13--4997278-4,290,2,"Mecánica, por otra parte, es la respuesta a la pregunta que nos ha llevado al desarrollo del concepto de libertad de expresión en el pensamiento económico global. Se trata sólo de un ejercicio teórico de la libertad económica y social para abordar una idea de igualdad efectiva entre los sistemas monetarios (véase la nota 2). La historia política mundial se basa esencialmente en estas dos tesis fundamentales. En primer lugar, la teoría cuantitativa tiene como objetivo promover toda clase de información sobre las desigualdades nacionales y internacionales, pero no se puede definir así su papel en todas sus formas históricas, o cómo se explica qué sucede si estos sistemas políticos están estructurados según los diferentes tipos económicos y sociales existentes desde hace siglos. Los países ricos pueden ser considerados más fácilmente como los únicos responsables directos de esos mercados financieros importantes y por consiguiente han ido diferenciados tanto unos con otros en cada época histórica. No obstante, esta tendencia ha sido muy útil en muchas ocasiones durante este proceso histórico.   En segundo lugar, tenemos ante nosotros instituciones económicas ""rechazos"" distintas de las nuestras para guiarnos a ver qué está ocurriendo; cuáles son los aspectos prácticos o históricos del modelo monetario internacional, los factores principales y los mecanismos socioeconómicos empleados.",2024-08-13
480,978-13--6627028-3,241,3,"Escribe el texto en un libro sobre la ""vida y muerte"" (escribió) Sobre el nacimiento del hombre, especialmente relacionado con los orígenes y la historia religiosa que se encuentran bajo el título ""La relación entre vida e hijos"". [30] En este contexto, su tesis es una teoría, ya que incluye dos formas: 1) las relaciones humanas pueden ser consideradas como seres individuales; 2) lo que está presente a lo largo de toda la obra puede encontrarse a través del proceso evolutivo o político. 3) El análisis de esta cuestión ha dado lugar a ideas como la más probable de todas las religiones religiosas; por ejemplo, si Dios creó al mundo para que fuera creado según sus creencias religiosas, ¿por qué entonces también tenía una imagen clara? Esto da validez a otras teorías como ésta, pero no hay ninguna otra. La segunda forma explica por qué la fe en él aparece en la Biblia cuando fue destruida en el incendio: se debe interpretar como algo externo —la creencia— sino como algo diferente. Este último argumento lo hace aún más complejo y peligroso, debido principalmente a la influencia de que, según cree, estaba destinada sólo a ser posible para el resto de las personas.",2024-07-29
481,978-13--6627028-3,278,5,"En el interior del armario, la joven se acerca a una estantería y saca un gran libro que está en manos de sus alumnos para leer con atención. Se lo enseña al profesor, quien le entrega algunos apuntes mientras camina hacia la puerta. En cuanto lo ve desaparecer por las puertas delanteras se lleva la mano a su hombro y comienza a hablar: — ¡Me alegro mucho! Pero ¿por qué?, ¿qué le ha pasado hoy?   Al entrar en la habitación observa que todos están bien instalados sobre las camas. Es de día y hay bastante luz. No es normal que haya gente esperándolos, aunque ya han empezado a llover hace rato. El aire huele a humedad. A lo lejos, cerca de la ventana del despacho, parece haber alguien dormido. Lo siente en el suelo junto a ella, pero solo tiene ojos para él. Los abre sin hacer ruido y cierra los ojos unos instantes. Abre uno de ellos y descubre algo que no encaja; cuando oye voces en el pasillo se pone alerta. Suena el móvil y, seguidamente, empieza a sonar otra voz que dice: ""¡Adelante! "". La primera vez que escucha ese sonido es porque hay dos teléfonos más abajo, como si fueran una fuente.",2024-11-02
482,978-13--9615865-0,370,2,"—¿Y a quién más? —pregunté con la boca llena. No era capaz ni siquiera de mirarme al espejo—. A esa mujer, ¿no le parece que nos lo estamos pasando bien?   —Pues no sé qué hacer para conseguirlo y por eso estoy aquí. Me gustaría que se quedara un poco tiempo, si queremos que se quede en casa. Además, tenemos mucho trabajo… Lo cierto es que hay mucha gente trabajando como los demás, pero yo he tenido siempre buen cuidado de que las cosas sigan igual hasta que se ponga el sol. Y no creo que sea porque ya ha empezado a llover esta mañana. Es muy bonito cuando sopla fuerte. Si te apetece salir algún día del campo. Pero creo que está bastante lejos de allí y no quiero estar demasiado lejos de mi casa.   ""Al menos puedes ir sola a buscar tu coche, así podrás llegar fácilmente, si quieres. Te llevaré conmigo todo cuanto quieras. Cuando estemos solas, claro. Porque si necesitas algo mejor, tal vez pueda encontrar alguien mejor, aparte de una tienda o algo donde comprar comida. No puedo dejar de pensar cómo puede gustarle estar en su lugar durante tanto tiempo. Como cuando dice: ""Es verdad"".",2023-08-22
483,978-13--9615865-0,268,2,"La respuesta es fácil. No hay respuesta, ni diálogo ni mensaje alguno que no sea el mismo en las dos direcciones distintas. Me quedo dormido pensando si me voy a dar cuenta o no de todo esto. Lo único que quiero es dormir y despertarme con la cabeza despejada para disfrutar del sueño. Así que decido cerrar los ojos e intentar recordar dónde estoy, pero por alguna razón no tengo claro cuál será mi siguiente paso sin ser descubierto por una persona que tiene mucha experiencia extracorporal. De hecho, cuando despierto es mejor no despertarle nunca y después se sienta frente al mío; así que lo hago yo mientras duerme, intentando averiguar qué está haciendo exactamente. Cuando sueño siento un extraño cosquilleo alrededor de mi oreja izquierda. Como ya he dicho antes, mis pensamientos son bastante confusos sobre cómo puedo dormir bajo el agua, a pesar de que siempre me han resultado muy extrañas esas cosas. En ocasiones me gustaría poder estar cerca de alguien, incluso aunque no pueda creer eso. Es como si pudiera leer dentro de mí su mente, sus sueños o algún tipo de información acerca de nuestra vida, porque está ahí, en esa sala llena de libros y vídeos, que nos permite ver algo diferente.",2023-07-15
484,978-13--2400504-9,240,5,"Es una obra muy importante para nuestra época, pero no puede interesarnos por las novelas que ha escrito en la actualidad o el teatro del mundo donde escribió. Para comprender mejor su papel, se necesita un cierto grado de imaginación y talento para comprenderlo todo sobre los personajes e historias que aparecen antes y después de la publicación. El trabajo literario que nos ocupa (y si lo queremos así) tiene que ver con sus libros anteriores, ya sean de carácter autobiográfico o psicológico; aunque a veces también incluye algunos breves fragmentos como La educación sentimental de James Joyce, Los viajes de Gulliver o la novela histórica titulada Deteneos, de Charles Dickens, o Las mujeres más hermosas de su vida adulta, con un relato breve. Es imprescindible hacer este tipo de obras a nuestro tiempo, porque sin ellas jamás estaremos listas para ser publicadas ni escritas por nadie.",2024-05-08
485,978-13--2400504-9,384,5,"La primera novela es un libro lleno de emociones y suspense sobre el tiempo, pero la segunda entrega va a ser una obra larga e intensa.   La tercera entrega del tercer volumen se trata de un relato corto que narra las vidas de dos jóvenes adolescentes en su instituto —Elsie y Jill— y de la historia de cómo sus padres murieron asesinados. Se trata de una obra maestra sobre literatura clásica y religiosa; está repleta de historias fascinantes; tiene una forma especial de escribir sin demasiado éxito. Por ejemplo, la primera entrega puede verse con mucha facilidad si no son novelas cortas, pero también hay tres entregas escritas cada uno por separado para que puedan disfrutarlas en persona. Una pequeña parte de ese tipo de ficciones nos ofrece una gran oportunidad creativa al narrarla: la trilogía comienza cuando está cerca de San Francisco, donde esta familia se encuentra trabajando durante años como profesores, así que leemos unos poemas en inglés (con el corazón palpitante) que me recuerda a la infancia de mi hijo Jim.",2024-12-02
486,978-13--2400504-9,268,4,"""La verdad sobre los hechos que se han realizado en la historia, y lo difícil que ha resultado encontrarlos en una gran parte del planeta"", concluye el autor con firmeza. ""Por esta razón, no me atrevo a escribir algo más o menos personal para ayudar a mejorar las cosas"".   En este libro, se narra al mismo tiempo las peripecias de un viaje espacial terrestre por el espacio interestelar (DMX). En una primera expedición, el primer humano que vio a través del telescopio fue el capitán de exploración CINC, que había caído tras las primeras naves estelares. Su padre era ingeniero, pero su madre le tenía mucho cariño; si no hubiera estado tan cerca de él, habría hecho bien sus deberes como piloto. El capitán era uno de los mejores pilotos de su generación y hacía grandes progresos. Como consecuencia, estaba destinado a pilotar naves espaciales por todo el mundo: desde tierra hasta Tierra Centauri, pasando por lugares inhóspitos donde sólo podían viajar dos personas. Los pasajeros estaban acostumbrados a esas tareas, pues eran incapaces de mantener unas conversaciones triviales entre sí, aunque también tenían el deber moral de mantenerse alejados del radar de observación espacial. Sin embargo, en general, les gustaba hablarles a todos de su trabajo.",2024-08-17
487,978-13--9237474-0,363,3,"El último gran astrónomo, Isaac Asimov, es un hombre al que el descubrimiento del Universo lo hace tan famoso como la astronomía (cfr. p. 10).   La primera novela fue publicada en 1977 y apareció entre sus éxitos posteriores con En busca del origen y las transformaciones astronómicas. Posteriormente publicó también Los hombres de ciencia ficción, pero una tercera parte ya ha aparecido por entregas y se publicará más tarde bajo el título La historia y la razón pura (1977), a la vez que narra los problemas técnicos e históricos de su desarrollo científico. A pesar de ello sigue apareciendo otras obras (El primer amor a bordo) que incluyen The Cosmic Wars (1974), Un viaje a través del tiempo perdido (1973), Entre vampiros (1970), La ciudad fantasma (1976), La familia perfecta (1981), El nombre negro (1984), La maldición secreta (1993) o La vida era para siempre (1995); además tiene una serie de novelas cortas, ambientadas principalmente en Asia y China. Además escribió numerosos libros de cuentos cortos, relatos breves, relacionados con la época del emperador romano Tiberio II Germánico; también creó varios libros para jóvenes.",2024-10-19
488,978-84-671-3695-1,286,5,"Eneroja, el lector se ríe y dice que a veces yo también me pierdo, por eso no puedo olvidar la sensación de haber perdido algo tan importante o vital como esta historia del olvido (el olvido). A veces pienso en el libro siguiente. En este caso es cuando digo ""tengo miedo"" porque parece ser un pensamiento negativo. Hay una razón para estar enfadado con él: no hay más que dolor. La tristeza puede afectar al recuerdo; pero ¿no habrá otros sentimientos? El problema consiste en amar lo que está hecho. No siempre he estado así, pero en algún momento tengo miedo de sentir dolor. Es mi relación con uno mismo. Pero si bien hay momentos difíciles y desagradables entre ellos, muchas veces siento frustración —un sentimiento amargo— y otras veces no sé qué decirle. Por ejemplo: ""¿Qué pasa cuando alguien te pide que te quedes solo""? "", ""te has puesto triste"", ""¡estás deprimido! "". Ocurre esto después de cenar. Al final de comer, cuando estás cansado, tienes miedo de hablar seriamente sobre sí mismo. También puedes ver algunas cosas que haces. Así podrás empezar diciendo: ""Sígueme por ahí"". Cuando estás cansado, quieres decir: ""No estoy enfadado contigo. Tengo miedo a todo esto"".",2024-10-11
489,978-13--3953394-0,390,4,"—Encuentro que no es la primera vez que te pones a pensar en un trabajo —se burló—. Al principio, no querías estar aquí cuando lo único que has hecho ha sido cambiar las cosas y volverte loca. Pero ahora estás muy ocupada con tu nueva vida y ya sabes lo importante que eres para mí si me topas el pelo o estoy enferma. No quiero dejar de darte vueltas porque no voy a poder verte. Lo tuyo fue una locura, pero he estado todo ese tiempo pensando sobre algo tan complicado como... ¿Un poco? ¡Qué va! He visto cómo su cuerpo se ponía más tenso al salir del gimnasio, pero ni siquiera sé por qué he reaccionado así. Así que ahora mismo no puedo seguir esperando tanto tiempo para empezar otra nueva. Solo tengo que terminar mi doctorado y llegar antes de que sea demasiado tarde. Ya está bien. Ahora necesito tomarme unas horas libres y decidir qué hacer mañana, que sea como quieras llamarlo. Si hay algún problema puedes quedarte unos días conmigo, pero después te llamo en cuanto pueda. Hasta luego. Te llamaré desde casa. Llámame cuando hayas salido hacia el trabajo. Adiós, adiós.   La observó alejarse mientras salía del despacho preguntándose por qué habría dicho eso.",2024-06-18
490,978-84-328-5884-0,203,5,"Si uno puede dejar escapar una lágrima, o dar un sorbo a la taza de café en el supermercado que le da su hermano, no se lo pierde.   A menudo me acuerdo del trabajo que tengo con mi familia y que para mí es especial saber qué hacer. Lo malo era que no tenía ni idea porque no sabía nada del mundo, pero después me parece que el dinero se gasta todo lo mejor posible, como si fuese oropel con diamantes y plata. Aunque por supuesto yo soy demasiado mayor como para creer siquiera en la posibilidad de seguir haciendo mis propias buenas obras. No hace falta tener mucha imaginación para pensar sobre el pasado; eso lo hago feliz. Pero ahora recuerdo algo más, aunque no sea tan simple, cuando estoy hablando en voz alta. Me pongo nerviosa, pero ya veo que las cosas tienen sentido. En vez de preocuparme por el futuro, decido que este proyecto está totalmente descartado. Tengo mucho miedo al futuro. Mi vida ha cambiado tanto desde que empecé a trabajar aquí… El presente tiene muchas facetas nuevas e importantes, y es fundamental comprenderlas a fondo, incluso con el tiempo. Y hay otras maneras de hacerlo bien diferentes. Ahora me doy cuenta de que tengo poco tiempo libre antes de volver a empezar otra guerra.",2024-10-12
491,978-84-328-5884-0,239,5,"Cronología negativa (2014): La historia de la literatura, las ciencias sociales y los mitos que se han escrito sobre ella en el siglo xviiii son una fuente histórica importante para desarrollarlo más adelante con más celeridad.   ¿Qué hizo Einstein? ¿Es posible seguir estudiando? ¿Descubrir cómo fue capaz de elaborar un ensayo titulado ""Sobre la vida"", publicado por Gridt-Einstein, 1982)? En cualquier caso, ¿por qué no lo publicamos o leemos otro ejemplar a ese autor? Es evidente que la obra contiene otros muchos artículos publicados entre 1964 y 1968. Entre ellos destacan precisamente El mundo como voluntad y representación en una novela alemana del año 1939; El arte moderno, uno de sus libros escritos desde 1940, y El sueño y el universo, uno de sus relatos favoritos, Los misterios de Schelling[33].   Por otra parte, hay algo más: si se examina bien la esencia científica de la teoría cuántica, es decir, si se estudia detenidamente todo su contenido histórico. A fin de estudiar su propio proceso científico al respecto, hemos descartado todas estas preguntas sin saber dónde están las respuestas científicas. Una vez realizado nuestro trabajo inicial, nos centramos en analizar todos estos aspectos.",2024-11-19
492,978-84-328-5884-0,350,4,"Pero si lo fuera, en esta ocasión no tenía muchas oportunidades para leer el libro y escribirlo, y la verdad es que yo nunca he tenido ninguna oportunidad como escritor ni me ha dado tiempo a hacerlo. El libro tiene un gran valor literario; por eso te escribo a ti porque no has estado leyendo mucho durante tu vida. ¿Por qué entonces ya estaba escribiendo?   Te quiero hacer una pregunta: ¿qué quieres decir con ""necesita""? Porque al final ya sé que no eres tan viejo como antes, pero si tú decides no seguir adelante, entonces vas a tener más suerte… Y después de todo eso, también tienes mala memoria para mí, así que ¿por qué sigo esperando?   Tu respuesta está siendo tan sorprendente que todavía no estoy acostumbrado a responderte al teléfono sin contestarte cuando lees este mismo día un cuento de hadas titulado The Man who I’m All? : Sí, creo que sí. En ese momento lo entiendo, aunque sea en parte por curiosidad, pues siempre he sido capaz de expresar mi admiración hacia los lectores jóvenes (en especial de las personas mayores).",2024-09-19
